x1,x2,x3,x4,x5,x6,y
0.09123068310505061,-0.4987124851734538,0.8276471801425539,-1.0,0.6438008496649452,0.21456842342503502,-1.7702897706888405
-0.032654236049098215,-0.9788288997512454,0.34863809044498945,-1.0,-1.0,-0.9455814548750459,10.315404120831538
0.6789645117683425,-0.21496519714427242,-0.663567455482322,0.2720822977502634,1.0,0.09099772968810065,-1.795281467407328
0.8492158196303035,0.31829978573849305,0.9461553005227308,1.0,0.38176132847151933,-0.4842525945449287,-0.7095466512626962
-0.5338056582949724,-1.0,0.08728614764364087,-1.0,1.0,-0.1968913693707019,3.9820305830712446
1.0,1.0,1.0,1.0,-0.3965295621916081,0.40453306889988433,-0.8872217009778501
0.21510191793796163,0.05310943388768563,-1.0,0.5730150019750007,0.1133200374591144,-1.0,1.3915912848398078
-1.0,1.0,-0.23487916297867373,-0.21316825343858248,0.4303835296301458,0.8051579008511727,3.6260909768532157
-1.0,-0.6826610470328596,-1.0,-0.11103624097943632,-1.0,-0.6145791676674865,-2.779609750525545
0.03214693011862543,-1.0,-0.22223987318375127,0.6707359714637908,-0.4171893926009543,0.09416000811773023,0.3116721872602124
-0.010967903749492969,-0.14204531728935982,-0.11336652109375711,-0.8089381384320083,-0.49859286972808803,0.2512762839487842,0.6194937258288646
-0.4749999304569812,-1.0,-0.41832271921374464,-1.0,0.10059438211617233,0.7535168648395045,-2.4036960294520395
1.0,0.460226304114964,1.0,0.5968718415659485,-0.9765348448788522,-0.21069347774420855,3.6240957610585696
-0.8506260123607641,-0.32213251883202965,-0.8641493177236765,-1.0,-0.6930226927373173,0.046111749172373706,-1.2515846410863818
0.27689748329194164,0.17195542245392015,-0.6837365936079708,0.1459026628697432,-0.4132099307560587,-0.0577466663665252,0.12167664012642287
-0.5892476820238126,-0.7570000064656093,-0.59693844272631,-0.5648687947425644,-0.18079475965274205,-1.0,3.696628358963256
0.6485472605992697,-0.8022959460385711,0.5639237914924023,-1.0,-0.10527360131594121,-0.814522870480068,6.905981615811161
0.1629330666096136,1.0,0.36144611248115194,-0.5077029040172114,1.0,0.9568988960015314,4.193122690095066
-0.9719606100668445,0.3377076750059051,-0.13282442447575238,-0.756934659787901,0.6172965905592692,0.13341017440733083,1.9597752474580332
0.3973369418092322,-0.16576927275715003,-0.060924522869726605,-1.0,-0.1427007253187489,0.45822519113853455,0.5772485852686289
-0.34275805000373877,0.0051440201896010285,-0.13458708022048527,-0.884184305113228,-0.3992619610207825,0.6578853581038795,-0.5405521930719648
-0.06543073966613422,0.07073520822206258,-1.0,-1.0,-0.5841039250325111,-0.6289453158976146,-1.6203332221706281
1.0,0.5874839752780028,0.6468436047492014,-0.006650746703327548,0.11668099534954868,0.9356089570483159,-0.3926007268395303
-1.0,-0.7679763911063484,-1.0,-0.05864307566433036,-0.5916903786548219,0.03387275827084668,-3.5717695832394236
-1.0,-1.0,-0.06116540122342318,-0.5911961738578112,-0.29167957619242213,1.0,-1.6082807710163975
0.24404268132521256,-0.5342023945133328,-1.0,-0.9491882374819212,0.2000864501792704,-0.06764315556694234,-2.6671953631688097
1.0,0.49608996133091504,0.7205962863556352,-0.5476372318849634,1.0,-0.4532442825786922,-1.9333205883664737
0.35183866636772165,-0.05618407935608117,-0.5314480308694635,-0.2426182528315431,-0.7900883310565535,0.2088608286984348,0.5059249288044625
-0.9222716429599955,1.0,-0.7809356272678448,-0.1703585574220069,0.5144398524594214,0.8244528654603986,9.662360517962783
-0.14221183003087834,0.2374460974834368,-1.0,-1.0,0.4087245522547815,-0.5642463405414043,-1.6143541016949126
-0.9155566051208919,0.7885073021930453,1.0,1.0,1.0,0.6000159822339589,-6.94731397778597
1.0,1.0,0.13564891350515995,0.04596284436172948,-0.294688063395654,-1.0,3.9490703912624046
-1.0,-1.0,-1.0,-0.13535279322054106,-0.6808455199227865,-1.0,1.2243964882090073
0.7184675930729512,0.8130704661255233,0.6809864880278649,1.0,0.7606583277408228,-0.6539619700321408,-1.5289837107665383
0.1930885671631567,1.0,0.2543103283700909,1.0,-1.0,-0.28369085011722306,2.3728629249826985
1.0,0.350760590226634,1.0,0.7831201702769741,0.11698359059658928,-1.0,2.37384883184109
-0.6950773208374275,0.7186592793063912,1.0,-0.24053572435135662,0.9440879415570596,0.48313135418466324,-0.9470025239091455
-1.0,0.6199427293206993,-1.0,-0.688139550987477,-0.3553592009887927,-0.0713964568866916,-1.2662128002908517
-0.47204205829232915,-0.40667626405828633,-0.8457595632338224,-1.0,0.7904883261944522,0.8051467666536166,1.9927408616062308
0.5804267300714923,-0.771497787265151,-1.0,-0.8574130541159503,-0.0030257978069148095,-0.16698046237418462,-1.5921543273774716
0.13644420420895242,-0.006009309699175527,-1.0,0.6512009677538764,-0.19178351474809843,0.613189988543011,1.8058951164707568
0.8950259062063615,1.0,0.20848507701203678,0.020621242914694582,0.765911776608016,-0.20269372079307035,-1.4105026119598805
1.0,1.0,-0.31715927752993434,0.9843218379465155,-0.12027048672729201,-0.7437639983883727,4.925088670486473
-1.0,-1.0,-0.9161549841349659,-1.0,0.26679763642451726,-1.0,3.3455974701296634
1.0,0.3504260464422766,1.0,0.692048200951136,-0.39045678681152796,1.0,0.0673754729374535
-0.1741207797939487,0.6077269014907093,-0.1963778706543503,-0.3710032745318024,-1.0,-1.0,-0.4395578668096919
-1.0,-0.6384102881569576,-0.21507535029416525,-0.8829399887596203,0.7463193923887323,-0.2638754231661087,3.047248012365658
-1.0,-1.0,-1.0,-0.24075955624788437,-0.07130737271906584,0.5407668880026587,-3.144985410875374
0.8205230721768804,0.37118282917481493,1.0,0.14267401103179833,-1.0,-1.0,5.787939697619658
-0.06689492377604478,-1.0,-0.3879215109128067,-1.0,0.7639821728059405,0.9051491842483386,-1.2451519435749274
-0.5469404892565687,-0.8833017865485302,-0.3567492677538514,-0.8612873089645824,-1.0,0.39801986951506474,2.0344858025960795
-0.8725919430702794,-0.6261883409117055,-1.0,-0.7056425712207195,-1.0,-1.0,2.3659553007907617
-1.0,-0.2536300267323368,0.6551419021913778,-0.5223134277021266,0.11548293631778694,0.542507136214079,-1.6246688031984236
-0.2434260249444442,1.0,-0.44385663414797305,-0.9477457179952854,1.0,0.7352586915997185,7.753252400667083
0.14843727025025388,1.0,0.332828581319472,1.0,1.0,0.7530954751144614,-0.16546807387938212
-0.6235154925487371,-0.6204671352563398,-0.45648840477491126,-1.0,1.0,0.022947921198593818,1.8598438238431574
0.20322982513975874,0.603298091471903,1.0,0.9506495797962694,1.0,1.0,-3.0680484835366753
-0.41569884184064676,0.3922197906336017,-1.0,-1.0,0.031187382092876526,-0.5117879643123362,-0.8895480725776156
1.0,0.268681114751412,-0.5583186877933621,-0.3834221731508991,1.0,1.0,-0.14377899919102577
0.32458057729052814,0.9274842509045653,-1.0,0.08251528978872813,1.0,1.0,9.107298857733277
-0.2353627488579274,1.0,-0.1591672099975207,-0.4284711863370141,-0.32563648142658247,1.0,5.295319472171723
1.0,0.22408217451018997,0.38214004317903405,0.8288041096719259,1.0,-1.0,0.6337042524142792
0.676566645481852,1.0,0.22063269068307323,1.0,-0.638951324831841,-0.1520517713077177,4.201960385140935
-0.45026309468906317,-0.7901163420015149,0.08385394986875042,-0.16481651874949144,-0.4903413605680256,-0.1265425396273181,-0.9045121889055531
-0.0643581110404825,-0.93795534713267,0.025205631796825223,-1.0,0.6202647868274869,-0.16047924596820576,1.1627054041811495
0.24550039649849636,0.14962186250249673,0.055422798431081166,0.12205902525084608,-0.3955979350181933,-0.5409940919539542,0.8305618299635376
-0.7673190803054961,-1.0,-0.15730091180829575,-0.6062597815413018,-1.0,0.8573842679391238,-0.17701710479892202
1.0,0.9990759854233822,1.0,0.9938675339811709,-1.0,1.0,1.5203654635309443
0.34432885724280177,0.37944150206127925,0.20330646413694453,0.23549637390114153,1.0,1.0,3.45967760207904
0.4080601779363517,-0.09071197107321627,-0.7223826919936849,-1.0,-1.0,0.6280180341278577,4.5168001989697935
1.0,0.6489914372827003,0.4386206451478709,-0.025033405701852973,0.719497797683168,0.6557159330247174,-1.7924574803111164
0.5032305639108289,-0.37578173666531933,0.028802051347930804,-1.0,1.0,0.6672301505081388,0.2938597960787212
-0.9620293664565218,-0.8424780485401495,-0.585815910430873,0.5323919768278089,0.10531665955589853,-0.5224780745399151,-1.1416849171161043
0.5308784278377376,-0.34911899971294946,1.0,-0.2941589316255334,-0.007085988029525092,1.0,-1.6468104604284197
-0.2800269765874978,-0.480154860109651,0.9195760333496672,-0.08715395826229821,-0.31852439273985245,1.0,-0.8717220549592313
0.5706881892819752,-1.0,-0.6362289368074886,0.0033512964311993576,0.16811759927465314,0.20392901496386023,-1.7638250299593865
0.441159308603284,0.18577735155462816,1.0,-0.15243640943534387,-0.40581308644217684,0.01071883716883261,0.9974912291509066
0.5506266561888475,0.8476148181544825,-0.21785964685886128,0.18155017200313633,-0.810386554240438,0.5659190720668502,2.664802166254786
-0.8525762477462107,-1.0,-0.9692599972358824,0.9059472608312199,1.0,1.0,3.9945064047886967
-0.3888329071562544,-0.39478665956368353,-0.9068013131421977,-1.0,0.16568627259211752,-0.4169209116552501,-0.9283827389308541
-0.26210144349803505,-0.06948665214755761,0.8069569697929149,-0.4334634478160566,-0.7839757057385446,-1.0,1.786599459624505
-1.0,-1.0,-0.8645817025066547,-0.635345286940851,1.0,0.07286572674132485,-4.975304336191681
1.0,0.4470982955693943,-0.857608698010993,0.3317354555716876,1.0,-0.5825226259334482,-3.313379481102428
1.0,0.5588035206482866,1.0,0.5988902947039725,-0.1589634453112616,-1.0,4.722374659546706
-0.047124018512049726,-1.0,-0.8079493379520103,-0.08629661952714993,0.9449553208651522,0.42018214301655377,-2.376686699832797
-0.43218026290880307,-1.0,-1.0,-0.2818607587977573,-0.22765790492276428,0.48420945042541086,-2.4003814391942155
0.07515443030012281,1.0,0.6033065658045411,0.4329847226176644,0.15037850388232776,0.9327964861918312,-0.25178439380481255
-1.0,-0.31534870981869667,-0.6147881114133826,-0.23566840573277165,0.739226527391042,0.8448304238565936,4.186145815552406
-0.48947943779070446,-1.0,-1.0,-1.0,0.28397774311180435,-1.0,3.4139974445962427
1.0,1.0,0.22305590394730057,1.0,1.0,0.9656057881572526,-0.46176558626706543
-0.5101780971162311,-0.889265897527034,0.059113369005871386,-0.7395652218808533,0.5631577203906686,1.0,0.008165855244844145
-1.0,-0.962174671971558,-0.93061515214354,-0.8497583759996177,0.7442851526590664,1.0,0.0149738224877006
0.3724930085979625,-0.7917793228926484,0.017597433845187194,1.0,-0.4414808952098208,-1.0,4.647692492049318
-0.8774450411010946,-0.9547881529900304,-0.0609142817821513,-0.55230402305806,0.7505296927969822,1.0,1.6656261570033923
0.3441146835508758,-0.6706765807017542,-0.24956694817921846,-0.24591029669257075,1.0,0.9519869433043044,1.0177856391261133
-1.0,-0.424158190189903,-1.0,-1.0,-0.609622304095248,-1.0,3.2096492862277195
-0.8796736234634239,-1.0,-0.15622919521483314,-0.24803335092917433,-1.0,-0.6933364935472992,-0.0691436983715299
-0.7539114665986075,0.1573222258964156,1.0,1.0,1.0,0.9473393462015212,-0.2384907686585499
-0.14945937683631638,-0.7565463478232712,-1.0,-0.8568404222212942,1.0,-0.0014432277788723746,-3.5350948726328584
0.9004002285176851,0.8418675050915703,0.9535919699397648,-0.581000126705119,0.590346980551119,1.0,-1.8691906386898678
0.624988954169481,-0.9737097119632561,-1.0,0.11076518785911477,0.043756629606249486,0.7841762215410516,0.636959393516679
-1.0,-1.0,-0.6975286791873144,-0.8659556717959269,-0.3308076441407908,-1.0,3.252736833174316
-1.0,-0.49814084348442145,-0.19560917706112002,-0.1429434453733915,-1.0,0.4740112328396207,-2.4676964879751484
0.051365830925744205,0.6304394669252862,-0.006840776025568707,0.0032525166939430528,1.0,0.4635117796258357,1.3429704252651005
1.0,0.5042718029615568,1.0,-0.8782235818336463,-0.9820009203632891,-0.46872464364065347,4.583428110767493
1.0,0.8435794391158751,1.0,0.8224684552186359,0.25008891735714656,1.0,-4.703923326111678
0.4141648326317582,-0.9269266024888376,0.12606032996302785,-0.6786625695543373,-1.0,-1.0,7.573032976058185
0.4756947490601946,0.28203079992888647,-1.0,0.17104744932232818,-0.5731777205880565,1.0,6.6082160483505845
0.3876580265272733,0.09640074597856674,1.0,1.0,-1.0,0.13876789707983472,-0.3839388745316715
0.3336468707567025,1.0,0.19162662891932414,1.0,1.0,-0.27103391343701055,-1.7648694186022094
-0.7162996902858251,0.4817251410009127,1.0,-0.03222982684464071,0.6462888554583798,-0.6367969475038981,1.058098948331065
1.0,1.0,0.21858483296604658,1.0,-0.9387772218695155,0.6755005717248451,5.522854299521936
0.3078550872051914,-0.08211829019510675,-0.4253940370339843,-1.0,-1.0,-1.0,3.271996424624466
0.17412987739333008,-0.01958258873718638,-0.6629156026310691,-0.11685780715598776,1.0,1.0,4.848074622661494
-0.8600500581662988,-0.8429602392128676,-0.54945310677802,-0.8119945109566591,-0.8198608298902583,-1.0,2.417058058922635
1.0,1.0,-0.07244871356416821,-0.2069971902194897,-1.0,0.18903447675331603,3.4230326419885637
1.0,-0.06758288451351901,1.0,1.0,-1.0,-0.20552621474907903,4.5261610632523706
0.8358649597480576,0.1116572324037495,0.8775776081079286,-0.6236775957056018,-1.0,-0.46762040139261574,3.233867410357207
0.3811434535047595,0.6791743729281583,-1.0,-0.2943997638224118,-1.0,-1.0,2.0303835566968624
1.0,0.20533687238005793,1.0,0.7187870065836905,-0.5638588720737276,-1.0,5.567907781356177
0.8427994164416724,0.47827585547256324,-0.008230240043279546,-0.1570063955524994,0.1271340866596195,-1.0,3.5506175914103624
0.628199400376096,0.5710346797057584,0.08978993777409294,-1.0,-0.6488181631816046,-0.23562775947649073,2.310315933149559
-1.0,-0.4968989199713032,-0.7400736593359629,-0.14046693203281047,-1.0,-0.16223584438882815,-2.704296119757216
-0.06424463694450752,0.2512841839504235,-1.0,-0.10413025044497282,-1.0,-1.0,1.3730455991587671
-0.3731385981691408,0.1655881364502775,0.23316264161455402,0.24570133983845,0.04826001307251804,-0.9768711593961525,3.1638546668884766
-1.0,-0.6609844283663141,0.22213812150385864,-0.1400039554642331,-1.0,-0.49818414447892434,-0.31687649367323717
-1.0,-0.6400889434949577,-1.0,-1.0,0.8070332280819854,0.5836195319544728,-2.8226971925825253
-1.0,-0.3981753304127147,-1.0,-1.0,1.0,0.8257984615875387,2.610514139864929
0.9811553991398081,0.3526554347487709,-0.6002678978326604,1.0,-0.44433067542311777,-0.4183683086889986,1.7089218317670827
0.8204923543695328,1.0,0.25948018303638176,0.8657343149162982,0.9195242712424198,-1.0,0.8734750624115459
0.7980938037835307,1.0,1.0,0.37258229363143003,-0.484563791094753,-0.41370924550014126,0.8554969869350284
-0.7899496099066372,-0.27302249096616926,0.32619759529149356,-1.0,-1.0,-1.0,1.8756822887528992
-0.8435631735258864,-1.0,-0.4841641001921303,-0.39630287400508785,0.3446143594770449,0.7640186460238766,-0.4411347977354628
-0.7430835092480871,-1.0,0.47201790642693187,0.7628927113764148,-1.0,-1.0,0.9691555445472325
1.0,0.7748937091776458,0.2982882709459235,-0.6398933469512558,-0.49005556885674195,-0.8155895800247965,3.845981955299157
0.9274241117110485,0.580961481486457,-0.20893788248544837,-1.0,-0.9603796212800135,-1.0,7.223083740653333
-1.0,-1.0,-0.294896998025712,-1.0,0.814299650950826,0.757517888330149,-1.8937700089465137
-0.6472891872440161,-0.8208758631991508,0.705405261276991,-0.33254061351934805,1.0,1.0,1.883964363803775
0.028883251860070014,0.7993023699374806,-0.17985946884610574,0.9377544232781362,-0.12125075739168761,0.5713920527248441,0.47754292910199725
0.6106936116578678,-0.3985440939722453,0.02479703287171131,-0.1318603611404257,0.6834485381499875,0.8520763535662296,-0.8600857419371886
-1.0,-0.9014359690386123,-0.18403913437525013,-0.29041344152383425,0.6794453513813847,1.0,3.168291837823423
0.9182651293621148,0.5533579661923604,1.0,-0.08758494195677968,-0.7004647115699478,0.4832721304867229,1.296758520670119
0.5523904938552081,0.0207767465006794,1.0,1.0,-1.0,-0.21082477870645053,2.021007186324646
-0.7121540402387876,-1.0,-1.0,-0.9058440569216186,-0.5109721496780864,-0.925539786440785,1.9530782536811655
0.7421711372513028,1.0,-1.0,0.7118303883996338,-1.0,-0.3790303849933862,6.250611814308637
-1.0,-0.42086003363985824,-1.0,-1.0,-0.34279601979846275,-0.3896021740683523,-1.6123320540240198
0.8610059968247321,0.08496819937801336,1.0,-0.24452176193368258,-0.08385726776170016,1.0,-1.0828036185892032
0.28416520826121394,-1.0,-0.4853796870094764,-1.0,0.0019394220624376901,0.6656506646391985,-0.5589675440378891
-0.40530211621771,-0.6213430059638485,0.7434217726632264,1.0,1.0,0.8915190712853045,0.9962991998687054
-0.9521870864822792,-0.5727736537459995,-0.052828274656334384,-1.0,0.21539256634813342,-0.8619024626944563,4.883083504736108
0.6358502267735564,1.0,1.0,1.0,0.3473324658502607,1.0,-6.942161423227527
0.8658801236778726,1.0,1.0,1.0,0.7421558727848752,0.8581950672642529,-8.941749947794714
1.0,1.0,1.0,0.7520671147288387,-0.8095953712655101,-0.2882639384784855,2.7069281861283123
-0.8736283448920559,-0.5635546154883722,0.7487863989566226,-0.7053008227011451,-0.8977561933732934,-0.012782143346173447,-1.7711181825253912
-0.1000090776117718,-0.9528429903876353,-0.06325537115018132,-0.7834520807418212,1.0,0.22884229221048785,0.9312788922512364
0.00906827303196922,-1.0,-0.6854843363558856,-0.08715205943199275,-1.0,-0.5835035363383456,-0.4305929728821201
-0.5886006085116717,-1.0,-1.0,0.3866785556654255,1.0,-0.13556654361416093,-3.5748154143785915
1.0,1.0,1.0,1.0,-0.9318513477339063,-0.3946366437324441,5.761788590236607
-0.1723609637423336,1.0,-1.0,-0.9132964799197226,-0.43351256904923746,-0.7935829712859394,0.9774953386013276
0.4640131397209673,0.8344943760138248,0.28868964138289965,0.7374141418189379,1.0,0.22581484181790945,-1.7434566128982776
-1.0,-0.6940323013477973,-1.0,-0.09772611200200754,0.07522030637974608,1.0,4.45180840457154
1.0,1.0,1.0,1.0,-0.2900662424215753,0.02713097818493282,-0.2087369538827509
0.39397919235702294,-0.6125698060078669,-0.13635469411187384,-0.593194649344453,-0.24824847417789664,-0.8390107259628747,2.856678618078697
-1.0,-0.13308914045750142,-1.0,-1.0,1.0,-0.45435681604881495,0.44128988646782835
-1.0,0.011092057063018967,0.5067935683804721,1.0,0.47715381491487635,1.0,2.0214530675858775
-1.0,-0.9939742037271986,-0.5482606620603259,-1.0,-0.1641491078306427,-0.7797283426456341,1.4017425924169862
0.1717593689791157,-1.0,-1.0,0.12088693936416356,0.35954589743356946,0.24765936769529484,-2.290105925360748
1.0,1.0,1.0,0.2472210402662165,-0.8558902772946009,-0.9571637126351831,3.198807319935713
-1.0,-1.0,-1.0,-1.0,-0.10623145027232178,-0.9940278154251891,2.992656943829329
-0.24655370254815512,1.0,-0.7610884851953862,0.1485805201143165,0.033958204962654115,1.0,9.677611304210796
-0.7171351348589592,-1.0,-1.0,-0.864832316094609,0.3729964025999422,-0.35414111459942127,-3.44077667278726
-0.7676899567099676,-0.03810831974529183,-1.0,-0.47811208716972,0.8543846945669451,-0.16429886331675336,-1.065765531656662
-0.4426387512506455,-0.37714916228436607,0.30033402431802103,-1.0,0.9376914691431824,0.7852365285546737,2.9550831569827025
-0.900533986696584,-0.9877609855778977,-1.0,-1.0,0.048904315943138155,-0.5542341170652962,-3.316100918701564
-1.0,-1.0,-0.734060710984838,-0.7927418691574335,0.9622910619998031,-0.5073852607487357,-0.8127713278122659
-0.7581898552598327,0.32116759623781266,-0.1926286772529317,-1.0,1.0,-1.0,7.1628489925507655
-0.0032415775797971502,0.6520264794176633,0.3782154649305747,1.0,-1.0,0.5261539843514875,-0.1383988987047492
-1.0,0.993538864962963,1.0,0.17374502868833663,0.19635625982882776,-0.893625501510257,-0.11445171610452132
-0.6208004695606757,0.1116760627106681,-0.03165425546500711,-1.0,0.8345865255838206,1.0,5.499922256187634
0.4322475234397336,0.3478630325126062,0.3822646079003448,0.6514534844375988,0.1522145574803202,0.0034133687105125654,0.2676841630928364
0.025933667005255234,0.1903979377864018,1.0,1.0,0.6243700510266833,0.14858859865015872,-1.903066441412118
-0.8012540506401928,-0.47468342007015324,0.9871058001730562,1.0,-0.30305752812233133,0.04954515261178827,-1.900403903463112
-0.24353393380660204,-0.7068080392800666,-0.17361211866350026,-0.9185757406650248,-0.7579982974117238,0.7723001279828214,1.5868119853529115
0.6831997136642446,-0.12471164524984013,0.44014974927537776,1.0,0.2556428644139991,0.2717320775881791,-0.9159612281852345
0.2028584561285106,-0.6571063263536201,1.0,0.6217654281606204,-1.0,-0.3932401568662137,1.751745580691408
1.0,0.3525370093344745,0.5044380173082476,0.2981829952254331,0.4268274748742011,-0.1905169305789144,-0.3051347883713529
0.5087227423523227,-1.0,-1.0,-0.7700870056142894,-0.4967522385183052,-0.04460254315744361,0.4523831137883274
0.3360870196861499,-1.0,-0.1966281883378818,-1.0,0.7833955833173585,1.0,-0.8937574633600317
0.5015345019910666,1.0,0.05944238346123354,0.9745060038917502,0.06716362817754784,-0.03709777626412855,-0.10674527553428398
0.326661858059373,0.07651879427380548,1.0,1.0,0.7513879348897282,0.25833822704979065,-2.060528741864909
0.3194141974108822,0.5684986989548461,0.47745616205989183,-0.42554415029965253,-1.0,-1.0,1.6853347330459514
0.7735608312883222,0.8980542308400585,1.0,1.0,0.3270354313400842,0.081816507860903,-4.085540202453367
0.27514485339896017,0.057011435928833676,0.576197462484376,-0.4284437086796634,-0.5691534127755797,-0.7075681937935832,2.260462946963172
0.9461410159657957,1.0,1.0,-0.2713644752218519,5.971982747310367e-05,-0.6310224698848346,-0.864612859592647
1.0,1.0,-1.0,0.2215975217046322,-0.22275991452468702,0.9902859393276686,7.836693648758821
-0.17543307195793728,1.0,1.0,-0.7915165090559428,-0.34853153854722313,0.07102263595964661,-2.983012356753443
1.0,0.10463547792830097,1.0,1.0,-0.1140231389584001,-0.5347454949993895,2.0815162659981903
0.22277080554115736,0.33190719398996893,0.9458124065815429,1.0,-0.07561097333375022,-0.7294500231914369,1.317983834149317
1.0,0.33602334217902063,1.0,0.5678471683541457,1.0,0.32659322923161316,-5.207803692538012
-0.9950368537502964,-1.0,-1.0,-0.3430601987474007,-1.0,-0.6026929500855218,-3.6575121509396795
0.7286065653515994,0.028992053059915923,1.0,1.0,-0.3175745701714626,0.13194542369374207,-1.1677060124953398
1.0,0.2068830018715423,0.03351544473014678,0.19662104974775274,0.6331088194760828,-0.05195843023384722,-1.54470576029675
0.8132388781266839,1.0,0.797003429649082,1.0,-0.3863288813438619,-0.9784385095787382,5.325565670408436
0.2569025497204379,0.7245502082691267,0.5489917176734418,-0.008800756342312414,-0.7248460304007719,-0.1396216790040865,0.26839166749597854
-1.0,-1.0,-1.0,-0.35024674703017955,0.5004128550423924,-0.7575075136825024,0.695347331286552
-0.394394315272944,-1.0,-0.3517865166043957,-1.0,-1.0,-1.0,7.053790043623235
1.0,0.43747325065034676,-0.8592932957726134,-0.0764547819116555,0.531095794001731,-0.9977253604701204,-0.4913049215741102
-0.971663302795768,-1.0,-1.0,-1.0,0.3509263390318388,1.0,-1.9932865337314833
0.9704864213180073,0.8108134529738434,-0.2591827058487786,-0.6164910699136219,0.2916126499016425,1.0,4.539458578127338
0.5523399763967837,-0.10582297670187107,-0.9394159530222886,0.7146945727175656,1.0,1.0,3.693120431966379
0.503918392729125,-0.23524026657043318,1.0,1.0,-0.026491693625181643,0.18519989124880046,-0.7268863448423712
-1.0,0.335748295700789,-0.6883385062509466,0.5416044727342219,0.672108436793372,0.8807267167867946,4.639451480656378
0.36533586972861665,1.0,0.6911868554915674,0.5964923712295953,1.0,-0.5128327945157509,-2.0829052426627106
1.0,0.07501094777439521,1.0,0.727693377694842,-0.07394307967743063,-1.0,3.8191356775184997
-0.9112910592629422,-1.0,-0.5598634052006277,-1.0,-0.6100777235486252,-1.0,3.2099852027857994
0.49043786401700434,-1.0,-1.0,-0.2660353181838073,-1.0,-0.5838161333219675,2.1192530082569614
0.8972515665551679,-0.3279993823585734,0.10644403601275101,-0.4681163036307904,0.48810319438838107,-0.7739416326417881,1.320031331083817
-0.737696333419008,-0.6185507369576443,0.1191974143148754,0.2975362447018619,-0.3487164588846505,-0.7204915164569945,0.18139771694025542
-0.6069649126199483,-0.21322233819714953,1.0,1.0,-0.4398300900566994,0.6080284065752954,-4.227655968507681
-1.0,-1.0,0.5732305509979838,-0.8861987110413715,1.0,0.8610406268129276,0.40600942267820445
1.0,0.46477038719444275,0.6619049945356628,0.09002027657715939,0.42498061388864283,0.9342947766664609,-1.4516593586373006
-0.48615861699732255,-0.6816409340417837,0.3217823863420246,0.1688893380473876,-1.0,0.48113168363604675,-1.13761142257976
0.9728996157655629,0.3215765385936016,-0.8397464355498573,0.013544022427341096,-1.0,-0.5459386007260902,3.3281977199704684
-0.9900495093770002,-0.7559237067657569,-0.4252099694868777,-0.5429983321631451,-1.0,-0.06316713781801941,-1.5647680055470232
1.0,0.2559271746351861,0.49807577212391285,0.3468830301278226,-0.9527264111706467,1.0,5.732139897607532
1.0,0.06967365420114802,1.0,0.3163868527095599,0.40752395768364047,1.0,-3.217090424853897
1.0,0.4341708600794758,0.5780833802518391,0.44292774076715025,1.0,1.0,-3.2356369034417005
-0.3397786728104961,-1.0,-0.08931458043780749,0.45413612469913617,1.0,0.33356964410279377,0.3571777153236423
-1.0,-1.0,-0.39441944130914974,-0.743734481493612,-0.0878878538034833,-0.5941461429137934,-0.0290416627125068
-1.0,-0.21080060294968217,-0.8049193084657446,-0.31216995664934755,-1.0,-0.9877023818981021,-0.0032585986308229786
0.20253759315083936,-0.6657446532483688,0.05758190372591648,-0.22691801860306382,-0.7679371018015257,-0.3409648444971638,1.6034566361356657
0.2009089978298405,1.0,0.18268545648051027,0.696945447233323,0.2368747861175049,0.1443752435440151,-0.7096058601446148
-0.3424340772397987,-0.7068478845350601,-0.6307133867559397,-0.9381314751630427,0.1847858084769518,0.049788446837797484,-1.5284013787647903
-0.029735464634171094,-1.0,0.2123055479284104,-0.10285223486584061,0.8232072005932253,0.07023549881142754,1.292248095319649
0.2907667790071722,0.5935686720041652,-1.0,-0.4966466999010324,-0.20349282916634043,1.0,7.183815076181753
-1.0,0.18300930208218325,0.044118671118205555,0.22137581600561332,0.8427889287862684,-0.16850175236271914,1.7546155946883135
-1.0,-0.42461748547017897,0.015841258896905963,-1.0,-0.09782020786283774,-0.4027258780035342,0.3253789168859448
-0.4374839860481645,-0.4866709337195209,0.377495647712701,-0.6737335339519595,-0.5674924771307659,-0.7351996903781632,2.335005792248114
0.4170252963155767,1.0,0.919827105425411,-0.2713930003070398,-0.45364994088144694,-0.9857538381539521,-0.3134788805096999
-1.0,-1.0,-0.9547933933385253,-0.40022580002221386,-0.5300477594040967,-0.10790743179255818,-4.85059941625638
0.28622037056490046,0.1967741450634939,0.77219092545319,1.0,0.2582436072715706,-0.8461726177804301,0.2893482516960395
-0.3221250474189308,0.29945851390746925,-0.21446400328599946,0.444535754542683,-1.0,-0.6822851757730646,-0.3577975712208225
0.5436322114264569,-0.1798519496185474,0.20573960819941822,-1.0,-0.0006155093787691968,-0.8261982001763466,4.408869077096255
-1.0,-0.603244777606575,-1.0,-1.0,-0.00022209443499141002,-0.5560821084589853,-1.5255217184978282
-1.0,-0.0533983532388822,0.4678361862350294,0.5362016031556343,-0.05664998524982574,0.7193607507885188,-1.302416943025373
-0.25444200993126254,0.16638778083997985,0.44740092355334804,1.0,-1.0,0.8403535740609932,0.5515972401290296
0.562151862050426,0.40517661228167245,0.6070267558505573,1.0,-0.3574888924059053,-0.09422193351771124,0.997990377783895
0.16583876631753558,-1.0,0.9703357584917447,-0.2537681720361315,-1.0,-0.8174524209053102,6.622150080802427
-1.0,-0.43801688158060176,-1.0,-1.0,1.0,1.0,5.363123580510997
-0.2785252783644765,-1.0,-1.0,-0.975094276826457,0.3132431556962135,0.15691578693935165,-5.900788755252663
1.0,1.0,0.21755187538364695,0.9746747401100287,-0.6336567735578312,0.19416914956072973,4.286229995889358
-0.4593980956201502,0.14626299027033307,-0.2060649585572769,-0.18540914041030487,-1.0,-0.33985712802791523,-1.4314426517466918
1.0,0.2624171572109415,0.001203876369991308,1.0,-0.81361463221224,0.09780396825363113,2.6182217520809163
0.2249252491943966,0.4905232604617962,-0.5135053350449397,-0.564866963365017,-0.5255043405845926,-0.41886729910861653,0.9679157396493487
1.0,1.0,1.0,1.0,0.26053763694537935,-0.15813351452918634,-2.9123955168057223
0.03196529821267935,-0.5049397932646073,-0.8629226705612214,0.2688206359403956,-0.159523309518446,-0.5629042473702788,0.49290382679377104
0.951171537862951,-1.0,0.2212346230183667,0.10997010207886387,1.0,1.0,-1.0245738425852542
-0.06150099708627432,-0.7500548247407159,-0.35740289949229564,-0.5148678206945877,-1.0,-1.0,3.510886754433087
0.11004040238445989,1.0,1.0,1.0,1.0,1.0,-6.2736323020149385
1.0,0.8819908259527145,1.0,1.0,-0.17857960135109374,-1.0,2.6290227140247575
-0.8616410215360908,-0.06021800210131467,-0.38831885924660936,-0.4230797182993563,0.3153283758112731,0.13339325396278018,0.5778695111856456
-0.8000761812315168,-0.015309211196822433,-0.15758285343751077,-1.0,1.0,0.19459074857018643,4.827616718064049
1.0,1.0,0.04961281044723209,0.007028830957221288,-1.0,-0.6368993439871048,4.668861704456053
-0.17767981826580748,-1.0,-1.0,-1.0,1.0,0.13746739345604553,-5.089632465429726
-0.6434530618360359,0.09813591197303329,-0.07739213562527747,-0.9990214723456798,0.8117289088129315,1.0,6.717368014875074
-1.0,-0.06275536753250432,-1.0,-1.0,0.6279835703202363,0.5278631313950832,1.2779047482437833
-1.0,-1.0,-0.6427489822833192,-0.8226772716595323,-0.2837770063875024,0.1894700332975814,-4.083476528985119
-0.21489379130215655,0.8099603352443968,-0.6366529205454771,0.1958857750602354,0.34175300043398865,-0.29051390118509557,0.4628292361610388
-1.0,0.8353973970462198,0.10412304987013443,0.3470915423601465,1.0,0.6498356894899672,4.011389945267753
0.2204657500923376,0.24461403698453954,-0.0011266192347253456,-0.2624850134593661,-0.9987912203722986,-0.3553544866009543,1.3423978088066995
-0.3473902864269431,0.11957974263341337,0.30337664842690604,-0.15057626595935703,-0.4138798921342174,-1.0,2.6976422052592173
0.2236115739418829,-0.815450819117852,0.8479153572553956,0.04973936989297234,0.35683509086003906,1.0,-0.09652196112700506
-0.14880498791935926,0.8212455101559171,-1.0,-1.0,0.6428513340346493,1.0,11.135148175664503
-0.4860721640508594,-0.38392269505822196,-0.5474590103560529,-0.6524281300792706,-0.2275760621136173,-1.0,3.806659277195325
0.24868698616430845,0.7940657961192485,-1.0,1.0,-0.11367101770432808,-0.147867208355416,-0.008827593620198818
-1.0,0.7917066295477786,0.02098024181031144,-0.5312050838005342,0.09282022965262027,0.022012163808770135,-0.3100127109768861
0.313999611120964,-1.0,0.08342722918995264,-1.0,0.9753053139284882,1.0,-1.0777432681024026
-1.0,-1.0,-0.21969907114373477,-0.3865973569929133,0.9174381825944107,1.0,2.5746369848117654
-1.0,0.47258798836335236,-1.0,-1.0,1.0,1.0,10.772938032296606
0.4516486740309631,-1.0,0.10515012428507914,-1.0,0.5407655429408831,0.3939460715045815,-0.9277459512326469
0.7198881613510055,-0.9105897603624895,0.34184297480518544,0.8123551993589498,-1.0,-0.3541005839932867,6.729922725728869
1.0,1.0,0.2596669967804448,1.0,-0.513919304042019,-0.23995211399850824,4.17443425277564
1.0,0.6203882284715079,1.0,1.0,-0.47182816534747474,-0.915601568838682,4.987965442696936
1.0,0.2638342465179243,0.6976573072746777,0.9307505166899139,-1.0,0.1111888635791007,2.974395310899406
-0.4848898131177608,-0.49747384484002993,-0.5118071922004326,-0.5402828819469745,0.1416623247858868,1.0,3.2248262186557883
-1.0,-0.8174111334508838,0.7168552941808625,-0.6409659373128245,-0.5685680285074246,-0.19084109630357834,0.8649402218424139
0.21385326253827897,1.0,1.0,0.7767944709290802,-0.7493099180084197,0.014815809704620597,-2.599242791921734
1.0,0.11235949249318689,0.30013379783829214,0.06955952053010261,-0.25618120927396515,1.0,3.590547464288764
-1.0,-0.6469748304587637,-0.6771692157817075,0.03579185466279705,-0.6020478994220662,-0.09403154034192673,-2.42336686135025
0.1267717217992499,-0.6060194906034058,-1.0,-0.01172997248161145,-0.9745888680825348,-0.9936432533136033,2.356337934693039
-0.3850121313514448,0.5754791493409659,0.8334526122027488,-0.28534696718775804,-1.0,0.10071900962539793,-2.4305711977450177
1.0,0.9892343363342015,-0.10212629541219571,-0.13925537800414034,-1.0,-0.6829319723526482,4.038739902318375
0.5447822673006584,0.059683531456574235,1.0,0.25479150753443847,0.9175301839406723,0.10331200565337634,-1.503183405778348
-0.9203018889532704,0.29850329304730594,-0.7732159443626538,-0.8888603036539365,0.08785932672859076,1.0,5.968368323584925
-0.7139579197924926,-0.22723643425122064,0.3172146669613992,1.0,0.8867723156769522,1.0,5.621666865925324
-0.8131321702001357,-1.0,-0.9285755696845139,-1.0,-0.5003972151638894,-0.21529908702094436,-2.3892874045507355
1.0,0.48104743188554155,0.805685176336746,1.0,-0.23387428447540526,-0.35885280305717826,2.40411636578311
0.9364024935596684,0.31549660549835834,-0.2082673667221197,-0.7020053999831304,0.04944142286338865,-1.0,2.9342874093871028
0.23165906572385708,0.8616857283252526,1.0,0.6151563110973137,0.8068830599470667,-0.02162799106434602,-3.084759899837158
-0.21618647434896743,1.0,0.2301877845381238,0.5756236521074342,-1.0,-1.0,1.3000121406838194
1.0,-0.09121051839505274,1.0,1.0,-0.5167266873359821,-1.0,5.596945069765802
1.0,1.0,-0.16593836851969182,0.9563479761107315,-0.6752488926537189,-1.0,10.145101291588794
-0.7821811493514266,-1.0,-0.8818257616224809,-1.0,0.5763516758231668,0.896151380934678,-3.306618382630152
1.0,1.0,0.3409842278552444,-0.046400475235898075,-0.3311676760795616,-1.0,4.697358880169775
-0.3213690882465242,-1.0,-0.35822228317206006,0.04288397688377163,0.05630097696856054,0.9319863925203544,1.2843262455778595
1.0,1.0,-0.6130237822290169,0.30886362201408596,-0.19899683004937802,-0.5134146920023561,2.798429539015927
0.7216173156664771,1.0,0.15645375819958884,-0.04411607249339056,-0.04921125651433622,-0.2951413523392744,-0.0783773695830769
1.0,0.922228201695023,0.9571181445045602,1.0,0.26495553469110233,1.0,-5.218749725542788
-0.3604888015150394,-0.659129203430969,0.5865058517220066,-0.482802942631588,0.43813372761654246,0.7617488715199756,-0.5314317888945388
-1.0,0.5905470064982756,0.4671793777512514,0.3475090876469013,0.29322674965530926,0.8649255537775209,-0.44063686566017557
-1.0,0.5277415909871077,-0.02411236446652576,-1.0,-1.0,-0.4087237579523413,-0.7994339102006877
-1.0,-0.8048658753779839,-1.0,0.7360963422269275,-0.7380740738583026,-0.34447218750485464,-6.162534852726745
0.8678219254379351,-1.0,-0.22587748622161713,0.2242311984603304,-1.0,-0.09112667563736121,2.8787955293881176
1.0,1.0,1.0,1.0,0.7420082155229966,1.0,-10.347872408649973
0.5151648379598943,1.0,1.0,0.3007415369178773,-0.22585703907543347,0.4968354207825575,-3.8352180652972274
0.5954200945660142,0.830348631451141,1.0,0.7861218478656029,-0.8583791020206315,0.6640167466759315,-1.5272821612583989
0.6259027972924573,-0.3610323649780266,0.504967653199943,0.7325490961533886,-0.951869774522401,-0.3992665461763766,3.2778481476637027
-0.2195962994117452,-0.05125822664238647,-0.31302821442217443,-0.9811590232297465,0.15484061550852335,-0.25551210344926933,-0.9311773915179703
-0.6143776253713473,-0.8047149644752656,-0.5218806735025933,-0.2292054883086332,-0.17848985618962954,-1.0,2.996339921632288
0.4373894481357625,1.0,1.0,0.7827761890568883,1.0,-0.6830331808891136,-4.886006480744706
-0.9648746879077653,0.604447316040726,-1.0,-0.7693368080527447,-0.1215273183897061,-0.7491677287737497,1.3461758297866857
-0.43362308040700126,1.0,1.0,0.10314615371426278,1.0,1.0,-0.5537434579011546
-0.5973801523144027,-0.4228074640783226,-0.032759250281384676,-1.0,0.890338763746915,0.41318605966771127,2.680403648656228
-0.18136260283496553,-1.0,-0.498132220168253,0.04383037602943618,1.0,-0.6423869425586116,0.7578777524034614
-0.2708126800954791,-1.0,-0.7861141231100754,-0.5672539948341742,0.6520972740583321,0.12499009428853605,-2.024734299781443
0.5554303636960274,-1.0,-0.23314711796688217,-0.13360193334361375,-0.8433931581636862,-1.0,4.980887082512709
-1.0,-1.0,0.08724534655782928,-0.7741869251039741,-1.0,-1.0,4.516906137750031
-0.015556150438657657,-0.49775638185269333,-0.11447159440829213,-1.0,0.6942728918644594,-1.0,5.895002234057467
-0.4864274507109103,-1.0,-1.0,-0.9809184193004392,1.0,1.0,-1.1486518087029984
-1.0,-1.0,-0.2714192457487242,-1.0,0.34826577832078287,0.4971921257904076,-3.167193738882094
0.27956970640350776,0.18676575273677992,-0.7263026803500188,-0.7146495624561754,-0.4229589703070459,-1.0,0.8932457991389003
0.49898257885082353,1.0,1.0,1.0,0.5097032145788258,0.22223477444973994,-5.8464149737841264
0.6359586104626114,1.0,1.0,0.8005047904177176,1.0,1.0,-6.5189698709103965
0.5582373742959885,0.20847526421290719,-0.5170629558030038,0.9162654988727081,-0.023144524520410936,-0.0029497870574879403,-0.34374924304091564
0.5130201944304278,-0.9440900144578313,-0.5618122346715424,-0.3449612384639722,0.6412685572886918,1.0,-0.08357811527684153
-0.76866010443745,-0.8082423986351794,-0.9633438610089831,-1.0,1.0,0.8652268323942096,0.44582165329616613
1.0,1.0,0.6868612463344661,-0.0028057006603414703,1.0,1.0,-2.7463094361442644
0.5444677497141939,1.0,0.5921680186382949,-0.19959395823542003,0.3191129429759482,1.0,0.8344146659479971
1.0,1.0,0.6060698141610967,1.0,-0.2855757864891074,-1.0,7.228601160768051
-0.3992825391064875,-0.0941213447309468,1.0,1.0,0.39931530507916896,1.0,-1.7895725971641194
-0.9555353224354515,0.9226980025211191,0.6635602802242953,0.7509996022791439,1.0,0.4038447856928407,-1.999447764622475
-1.0,1.0,-0.41262757980613074,-0.4750107379161819,0.3568141699597891,0.044971922083904325,1.513713343863699
-0.34216062711761147,1.0,0.8853439006694506,1.0,-1.0,-1.0,1.380479508799074
-0.02162192944721686,-1.0,0.010084690292050363,-0.6420465199580929,-0.12768078788648096,0.2126229865723817,-0.24253972763035878
-0.3307153408503971,-1.0,0.23613345467086266,-0.013439331659784046,0.7094524553905889,0.7095414971645265,3.086095365771837
0.2903985269388876,-0.20769850306830165,0.8760260081970555,0.9669898890980467,1.0,-0.3920502630125323,-1.4106203669487953
-0.039413266171193506,-1.0,-1.0,-0.3485696968938935,-0.2952003821061754,0.6619596336711255,-0.6739647239948068
1.0,1.0,0.7629223305477433,0.1734596461868716,0.045070306523711356,1.0,-1.1328573042819352
0.3600928505851724,-0.19296052265752728,-0.7600724431138739,1.0,-0.16130469185680707,-0.030428526727525385,-0.6860777284137611
1.0,1.0,-0.24503561673356797,-0.6803964554892864,1.0,0.8298215053207465,3.8487834533462366
-0.7559134609745378,0.09942171169723513,-1.0,-1.0,-0.5116303128120936,0.9650043146419678,5.968292064694965
-0.44290068856478415,0.37115147893140704,0.009227493959986344,0.3312529044905028,0.2782862520267635,0.23751949870800215,1.3878276295102967
-0.5926230299677638,-0.9045510199786786,-1.0,0.6192671154110467,0.3746722313815285,0.8246429129558727,2.2460851146387535
1.0,1.0,1.0,1.0,-0.974088976785004,-1.0,8.92843328353604
0.39222963050692017,-1.0,0.11889586030407495,0.04902659369554513,-0.5809267669738738,-0.16936829710246099,1.4551162707258252
1.0,1.0,1.0,0.24130284667456087,-0.5940373490832762,-0.7935914490439455,2.6956900783618716
0.030974616290254997,-0.5475856850282821,0.18071210030066526,0.05428240923505323,0.16420350095492564,0.32541705772296425,0.30172041887142065
1.0,1.0,0.05522508509581647,0.48244965930429307,-1.0,0.11833773777020462,2.955846591231634
0.2873062406614567,-1.0,0.3175135383804366,-1.0,-0.22626563672277267,-1.0,8.333037839146906
0.7503584952482583,1.0,-0.3543745171404287,1.0,0.8943906076345185,0.11136391080679542,-1.650443132599033
1.0,0.49227458398735746,1.0,-0.04112128694139383,1.0,1.0,-4.2630935543946915
-0.15760467196869565,1.0,0.29595106443886166,-0.5470067640466888,-0.39135847497465076,-0.9940227036965303,-1.1957639557975264
-0.37964869855749117,-1.0,1.0,0.11220097994865808,-1.0,-0.13779904881826,1.9095980883679209
0.7602090045811836,1.0,1.0,1.0,0.6252140077904547,0.9888288437908617,-8.039674665848608
-1.0,0.5542698753110864,-1.0,-0.44238282572339727,0.3508346927652501,0.3652074463833792,2.1704009682676904
0.1968646819186196,0.89684253132244,1.0,0.43359290803210626,-0.6711644235164882,-0.25575055736438856,-1.3308160941049767
0.9416678611092053,0.3377191313639929,0.4220284176706006,0.6755592449873168,-0.06064483405697496,0.11526898668656593,-0.5691285828553112
0.70888348041211,1.0,0.6350442745523623,0.3647412544670783,1.0,0.9003147947855228,-0.7485306579754959
-0.13476594095889033,-0.36096168955834884,-0.9476296747556472,-1.0,-0.9520174100545478,-0.827832367170969,1.331458200041383
1.0,-1.0,0.506565339530793,-0.6648630039817294,-1.0,-0.29648430927024694,10.092132358665564
0.46057935484680956,-0.12378826429829615,1.0,0.33838401433985565,-0.9971562038758861,-0.8511753339662377,2.576076702909324
0.6140014307963999,-0.6695122810954797,1.0,-0.2552615889712727,0.3319359768311642,-0.4048610574961741,1.1480544762579636
-0.07029451075967807,-0.6717634885255033,-1.0,-0.9326721679081823,1.0,0.5734133932067169,-1.337808693641645
-0.584014836577571,1.0,0.4553658564196653,0.7746843176687926,-0.31110096363212214,-0.40165521734850307,-0.8725119778459116
-0.1513092637849618,-1.0,-0.3137964372152725,-0.47862654636917906,1.0,1.0,2.040223628887988
0.19688335991881567,0.10652470713320628,-0.8939738428363393,1.0,0.46601467536206376,-0.7973012019542931,-1.0415119225094014
-1.0,-1.0,-1.0,-0.3310272558426449,-0.9832439697608889,-1.0,1.6927336821207053
-0.9444891430254452,0.9470518513733255,-0.7411307083002348,0.4498313417467588,-0.9034322301329706,-1.0,3.2347321303340597
-0.21278521735599837,0.018394086480745087,0.9178825306203388,-0.42524536434416144,1.0,1.0,-0.9559004385766143
-0.1492800084617627,-1.0,-0.1405684107130212,-1.0,0.28285578329536804,-0.4744118441690149,0.4928320760809942
0.3956288989062449,-0.14620698142483343,0.4142987645376847,-0.22713106738784386,0.000448999526045768,-1.0,3.341872774598291
0.9041789002854498,0.32321715205248036,0.6235961569022439,1.0,-1.0,-0.6783632694531768,6.560090584996596
0.7069769447517279,-0.032484594567750186,0.06327779790079893,-0.761244379835148,-0.45721180450123633,-0.48693683134018184,2.4570903244123388
1.0,-0.03823905880108652,-0.42741539592562805,0.19278825385101778,-0.7859048115842105,1.0,6.870116411363598
0.9094843048704241,-1.0,-1.0,0.30585635150616974,0.4263449114041715,-0.4238678698188346,-3.397538612948452
-0.1313748244117221,-0.4262146859342003,-1.0,0.7849701281664567,0.7456622279398424,0.22666480306311987,-0.34646900461749836
1.0,0.5897456363016621,0.964973017130272,1.0,-1.0,-0.40130351895570704,5.569858164695263
1.0,0.6072806199785541,0.3684816426087537,-0.5397221938940907,-1.0,0.8050569859683172,5.802242156453787
1.0,1.0,0.3444443109046095,0.6701407297253468,-0.6596607781876506,-1.0,8.026822723841622
-0.6588936986104924,-1.0,-1.0,-0.17095746789697097,-1.0,0.4866552115522868,-3.9261272486308916
-0.15529563308595365,-0.2406649188862624,1.0,0.39644695472724706,0.6160286262933499,0.34409049682133386,-0.6757880044886351
-0.9143570435434802,-0.3574394237161512,0.3061630815973554,0.06476701953011088,1.0,-0.22018369708784447,2.8036828166950554
1.0,0.07333574586012603,1.0,1.0,-0.09062228173913472,0.24249110243041394,-0.6432703158738785
-0.3076375372530219,1.0,0.3204559858509881,0.28232597961192424,0.368319276816786,0.3569504468709581,-1.4469576836487685
-1.0,-1.0,-1.0,-1.0,-0.5826523199610282,0.3306910051866143,-5.870894547953223
-0.2035724984261042,-0.26608233999617814,-0.9151450540128999,0.9028336749312021,0.44485809977352325,-1.0,1.470444565786245
-1.0,-1.0,-0.4365201828465388,-1.0,-0.6779568211696141,0.4077001236105071,-3.4608655611575934
0.4742306485797838,-0.0026747472957479035,-0.01455289341210425,-0.31890904705518525,-0.6774426072525688,-0.04331002709898277,0.333208005407326
0.21281790443888254,0.5087973978808245,0.8694413865145615,0.9318946794883236,0.004319293197930896,1.0,-2.4952463532692746
-0.0022161687450217692,1.0,0.22204461010300308,1.0,-0.3124946008983759,0.3776717263539761,-0.15563397358023032
-0.013049397668401297,0.43446844077731916,0.5289739345582793,0.31606672093326843,0.4802351676415428,-0.5949476723338065,0.6947894799748023
0.43343769274071753,0.15791034554097638,0.313101242768354,0.982861886039384,0.33422535080920324,1.0,1.7540777240806387
-0.11174546716068456,-1.0,-0.6813057091608352,-0.7311682523628726,0.7803629863112367,0.7782360076036905,-1.4976874958216415
-1.0,0.8069314961218843,1.0,1.0,-0.2976011272491079,-1.0,0.3210283721015609
-1.0,-0.3537998449605846,0.19309744712742,-0.33770071152903214,0.13018540028054915,0.24329115985503236,-0.49663448602789667
0.9081506471981338,0.8140722014998186,0.060213086703824616,0.32327524603558,1.0,0.43951963391983545,-1.630679248214998
-0.5188671411107482,-1.0,0.6757895509508096,-1.0,0.36690415586850816,-0.1700989764613542,0.8151897308484286
0.808040120755837,-0.18776798329885644,0.37461336692414016,0.7421552968334114,0.3870245198667851,1.0,0.8481875568303174
0.5383405218648903,0.2092730546195536,-0.26492028293293396,0.8531125559907011,1.0,-0.8848318763414719,-0.8126613467232444
0.7606802978067188,0.4198115234744301,0.0575160666509662,-1.0,0.13045251587354656,-1.0,3.55726878735759
0.5936566723745105,0.8488309628503656,1.0,1.0,-1.0,-1.0,3.8346184762006392
0.18667228467238484,0.09648633620737576,-0.3191945431735672,-1.0,-0.8221307378541663,0.4804193073372216,1.6395592093404145
1.0,0.41597780072904866,0.6876043875330415,0.47601277052481117,0.4073700232348745,0.827370270014163,-1.6342073215833712
-0.9474313275108924,-1.0,-0.9959379057401843,-1.0,-0.6726974741276855,0.9473369767494454,-1.1496029536400514
0.012067911085682392,1.0,0.38689170926333016,1.0,-0.6500054775905504,-0.6168947086495791,2.4998867266138443
0.44046571231220216,-0.8919271856779771,-0.46693234622716695,-0.5583806807232368,-0.22408712715660034,1.0,1.6187517096229098
0.5591733680107993,-0.929430431130198,-0.843586094885307,-0.19253199706381785,0.646946628197731,1.0,0.48193606154238317
1.0,1.0,1.0,0.7269222517694403,1.0,1.0,-7.806841667627397
-1.0,-1.0,-1.0,-1.0,0.8449318017765443,0.4665029199672206,-6.472349655928751
-0.856693753772009,-0.05304230945137706,0.005884414833569662,-0.5767123084248547,-0.5389187739430208,1.0,0.6033337459080097
-1.0,-0.8164956675639945,-0.8837691640859199,-1.0,-0.05148492213237299,-0.5004310927352181,-1.636350185765282
0.9132846170207023,-1.0,0.7619552857854136,-0.47388018615059413,1.0,0.17858621418034654,-2.0103723187801137
-0.05538097288131305,-0.3660958462661795,0.12261071381336441,-1.0,-0.2543509014161251,0.20975714377129784,-0.12080143650340623
-0.5171327926156715,0.35129399937155237,0.13521645849548392,1.0,0.43307193085132306,-0.5956185567314438,1.1752434301524197
0.6152185885356213,-0.23666258701531778,-1.0,0.5105946909810248,1.0,1.0,3.089775877792755
1.0,-0.40238104366290184,0.05670223775186317,-0.05493033572787759,-0.8997598172248535,0.9850083645393379,6.266003357570923
0.3940070143091545,0.3415263920649311,0.35971450535977345,0.05376792477962389,0.22847039864799734,-0.5308188732555277,0.9611690689956653
0.7599284172761915,0.6033761173036449,-0.1911878747738906,1.0,0.800494394561569,-0.35299588702473955,-1.239376506191054
-1.0,-1.0,-0.48285132997798064,-1.0,-0.24334356189656636,0.0973170391752517,-2.7979774686561862
0.26698542321938457,0.8088459652516451,-0.22729792146348152,0.7452582578980756,0.02055129914613607,-0.4884592201689525,1.0941421194264715
-0.587812090458149,1.0,-0.5120626646727099,-0.7824251531234381,-0.0475340678553543,-0.7333938636946826,-0.1258523317804136
0.22163051346709922,0.8011249118401667,0.5655950241221404,0.597492537263489,-0.34262309218583376,-0.28746182900399664,-0.4087760180206138
-0.7713483936866399,-0.9368661647560672,-0.1821889309686308,1.0,-1.0,0.5137151254613788,0.4406828446320719
-1.0,-1.0,-1.0,-1.0,0.8303429558854564,0.5425066648764183,-6.51305865494092
0.27994774423993685,1.0,0.08021823787904553,0.1784965837509358,0.4433353837005265,1.0,3.5466088696939053
0.860141760430172,0.5226920678883187,0.366565916750056,0.970360632321686,-0.5353749468946677,1.0,2.954098788793058
-0.9693614080600892,-1.0,-0.29918587843272443,-0.86032420320943,-0.0656589809789383,-0.6993610784801492,1.2610708899344438
0.69603602133402,0.5261566606886867,-0.2222125303623339,-0.2449656211914701,-1.0,-1.0,3.972541371575073
0.5693417356894005,-0.31773287994228067,1.0,0.058756903726903564,-0.8315664774607083,-0.05303765899168433,1.9114753053228046
-0.43950671945727393,-0.5009130469876864,-1.0,-1.0,-1.0,-0.7413369464320716,1.5936098815909612
-1.0,-0.5249414490842267,0.32491674670248855,0.5925037589494571,0.7242946166824076,0.3847622846172932,1.493068084537182
0.48622378651776677,0.823076800657595,0.33932919509568105,0.06648178481255229,0.5960514303272895,0.8980538605832473,1.3824584006430347
-0.09208913410907107,0.269969239615291,0.9052672289620991,-0.7593230306325558,1.0,1.0,0.5816765877196393
0.21482990073875863,-1.0,-0.49080266948935547,0.6017298756130061,0.12439204653433891,-0.17331561931760198,-1.104626991553638
-0.41689880605356255,-0.15436689107889778,0.14514012962304135,-0.6735833887890599,1.0,0.7497861719680508,2.2936508898821932
0.3669753368834706,0.10354362958635033,1.0,1.0,1.0,0.4706105357141719,-3.876990671239321
0.7469562481115911,-1.0,-0.43120734556497164,0.04261577109211756,0.3426396829583108,-0.028853530143424955,-1.6994834432173198
0.45819031873625266,-0.1962031231589863,-0.5750190829348604,-0.40199391802266815,1.0,0.7029447346537214,0.2429462170101788
0.4366023699188828,0.8871471242844003,-0.6371023417307781,0.17445211582088216,-1.0,-1.0,3.7423931650770745
0.6455643052206486,1.0,-0.18174267353886228,1.0,-0.27001120218885033,-1.0,6.337307955875777
-1.0,-0.5703685322415426,-1.0,-1.0,0.12154792115251212,0.8163266948161634,-0.1711051208766518
-0.298868024377799,-1.0,-1.0,-0.9369216875599116,-0.6857721186477315,0.518345027446089,-0.8060708110904751
-0.5699038849303941,-0.11495728290820695,1.0,0.9411036005063278,-0.8381619953444229,-1.0,-1.4491050723280336
0.7283922831868126,0.33463880088329967,1.0,1.0,0.9148413429802863,0.4658224813078037,-5.614241158000916
-0.8918007781785564,-1.0,-0.2342792592164653,-1.0,-0.17579536908155363,1.0,-3.35840397827086
0.7081149604122241,0.05665919440255485,-0.13552744575726797,-0.3763179760983276,-0.3142434988424565,-0.9168110972927086,2.7172797824466337
1.0,0.24018345498350158,0.7290736180611834,0.03705173683142454,1.0,0.4850825161271375,-4.534793120842009
-0.7449349448811673,-1.0,-0.17193204021461056,-0.84768575166368,-0.07328657986920573,0.393850785172273,-1.9356474252759468
-0.19257183534177647,-1.0,-0.7835293244647612,-0.682244179169768,0.47917728411989713,0.9966169614706679,0.05233351810075071
0.7692301692344763,-0.2862205371680658,1.0,-0.14702334720111823,0.3036299441497673,-1.0,1.3747612301781533
1.0,1.0,0.19202240560111639,1.0,0.5420073426308982,0.7626930440400272,-1.9324833817862899
0.8310823554168443,0.7023981346511792,1.0,1.0,0.6706126311074699,-0.7760827549317996,-2.213757510629793
1.0,0.7075792537928098,0.8200959788250362,-0.06312713313022633,0.6827210478088486,0.35518022116993175,-3.1876070918537156
0.5966624334028383,1.0,-0.24273455577493264,1.0,0.37238093359985236,0.8898877612776368,2.509318710833834
-0.09100129356974056,-1.0,0.5194186738348933,1.0,-0.37403984348532293,0.17429963638175422,0.9075385957017532
-0.9563468961021866,1.0,0.25728582213825313,0.9095586171614521,0.8674234260682301,0.0902096386051201,-0.9333532259623782
0.6898965300273658,-0.9477181406753364,0.4229727612762131,1.0,-0.2243415172330259,1.0,5.319905811500762
0.1625713644320621,1.0,0.7404265771329794,0.11763486341888818,-0.8637597928879116,-0.9972290380151935,-0.037928665860465074
-0.24516019824441315,-1.0,-1.0,-1.0,0.33952660216477093,0.2977604707127097,-4.941329547669124
-0.42457356847259375,-1.0,-1.0,-0.9998665487621909,-0.39781397843984434,0.13369260078730472,-4.541610177695021
0.46685251529121086,0.3286985346511311,-0.571941995352358,0.8420984130138158,1.0,1.0,4.046752317935719
0.7604963622262677,-1.0,-0.36817528836693775,-0.6500762068064336,-0.039400630188721864,1.0,0.562886244940717
1.0,0.06681296176080753,0.7249984158085083,0.8119791719694363,0.5330223335135293,-0.25777734394153423,-1.874044218523084
1.0,0.725084536057998,1.0,0.34373372713886763,0.5988906245670634,-0.4524096858399725,-1.7556618715952075
0.3749494331274512,1.0,0.9399157039066188,1.0,-0.20749582415526896,-0.06724515264087437,-2.3162297003561707
-1.0,-0.40377268775427644,0.5397942410949369,0.5084028679384609,-0.5910651183984459,-0.25685212483752856,-0.9010489859176356
-1.0,-1.0,-1.0,-0.9266825901792546,-1.0,-0.980429168109809,3.9637041486192914
-1.0,0.3910811495004241,0.10454562309445437,0.1120596188299592,-0.8505616657474013,-1.0,-1.7839145633072457
0.33664712730292035,1.0,0.312909158854745,0.31124670160034884,-0.9064595859322819,-0.009207127719156882,0.48172224038561695
-1.0,-0.8794709630189198,-0.9952495287159224,-0.9998107626464936,-1.0,-1.0,6.048240122762638
-0.8654562354827311,-1.0,-0.07126590587476889,-0.37545969974862425,0.8405726612400697,0.6420342317990642,0.8853047218438055
-1.0,-0.757054915753244,-1.0,-0.7009880386237946,-1.0,-0.6838956535507288,-0.037518770500593476
0.0750757336536504,0.5008967717603194,0.8534390901501812,0.44813702811623823,1.0,-1.0,0.32124143820277534
-1.0,0.041202233350407735,-0.09018498603742187,0.19408077404814802,0.29233692432696695,0.5586379831141703,1.0818215306234495
0.03132082236360745,1.0,0.5452145295978148,0.7362611997135478,0.8293043229360095,-0.5749362953394516,-1.3761782768181023
-1.0,-0.22199113107878876,-0.9858505152856188,-0.6207984801525812,-0.8111752150339373,-1.0,2.2383209213845903
-1.0,0.6411617567644825,0.43648080413422197,-0.37649338759858586,-0.46487385694839745,-0.524089725323599,-0.7944662994088207
-0.9020760785483574,-0.4215825041446953,0.060540710903421724,-0.2875523297434135,0.9960853013099721,1.0,3.923101627233673
1.0,0.7236725081133228,-1.0,-0.0722695878547357,-0.06546585210916145,-1.0,2.495616012685608
-0.09026419153245047,-0.49449301999952655,0.17124607756986632,-1.0,0.2199552309941295,-0.2116841019754775,0.5292709358497948
0.9023349254659399,0.8481388897121988,0.6789886466090087,0.053700775870786754,1.0,-0.17767706364727637,-3.834039767289111
-0.9319993513489733,0.37754928307191943,0.6124961333836207,0.31416858563839645,1.0,1.0,3.3940989464036018
-1.0,-0.9796512300868048,-0.10920115624639753,-0.05844555152429787,1.0,-0.29311173357682224,3.509434525623897
1.0,1.0,1.0,1.0,-1.0,0.3799915921722954,2.9102234149512674
1.0,1.0,0.48234352927000684,-0.09037121028260098,-0.5248310735362118,-1.0,4.579368165687391
-0.9340878332117787,-1.0,-1.0,-0.8244118877569939,-0.798569952843048,0.07016307987066261,-4.204650334422872
0.43496730083496316,0.44898169143466776,0.5328511924805276,1.0,-1.0,-0.5011533686698828,2.665793707142165
-0.3489793494976656,-1.0,-1.0,-0.7425140181375351,0.8009760241492719,1.0,-0.17605692101365844
-0.804779528990269,0.35947725220337956,0.9688958636534116,0.31455110555322163,-0.8229882968084903,-1.0,-0.051426627942902425
-0.7423777881640763,0.06845405922195297,-0.345878908623593,-0.549583457605396,-0.9227263935459851,-1.0,0.25969655653450574
0.8770215354568291,0.015957288702558636,0.3815761213820752,0.28710750522023687,0.7385900741801783,1.0,-0.3028162051980543
-1.0,-0.6323587054259956,-1.0,-0.13873573396551742,-0.35178984450757755,-0.9449175089290047,3.6025394662708266
0.5714340086616988,-0.3126528625492784,0.7629605081728881,0.5550921342845159,-1.0,-1.0,5.112723525573435
-0.127766618283638,0.026509162158008248,0.026885981795329084,0.49778236868101566,0.24748924747905032,-0.48062458933298147,-0.2155874353080789
0.15071306149270036,1.0,0.7681809903830382,0.16213689228871456,-0.8676616233567873,-1.0,-0.022772097617215797
0.09544479564040118,-0.269894539238199,-0.9426466125289599,0.6679396945957716,1.0,0.6043706854217967,1.5426667829695124
-0.2940729386987937,-0.31911386554132143,-0.12756819790226637,0.17523612186364101,0.3444577823424258,0.2476178360792437,-1.010591101453999
-1.0,-1.0,-0.08320203042630991,-0.6603301591566717,1.0,0.23469614691279705,2.2229475970293775
1.0,0.7878525309507751,0.21150741656504057,1.0,-0.17895612678080497,0.10166049808113009,1.4104834791788876
0.010423028328573003,0.8314679525732251,0.44708135408888455,-1.0,-0.10599347752482458,0.12743298324768818,-0.6565619803895494
-0.23408294175525732,-0.15838255653244376,-0.8657191870979861,-0.10480208580843567,-1.0,-1.0,1.5611927885224572
-0.7569989748922208,-0.4741592981195283,-0.7247199855136296,0.4183138971648069,0.06343440569036712,0.8638902994703903,3.4094874301619873
0.2826426734956893,1.0,1.0,0.3516174480816361,-1.0,-0.989176076699049,-0.6139838863454246
0.3865224395469502,0.7570096902050769,-0.24904134472044354,-0.8486151581979399,0.4095802644046885,-0.46129306504184775,-1.3083676134621571
1.0,0.26663875250435676,0.4005285817399022,0.7858121150134189,-0.6285252836125679,-1.0,7.8021808162942
-0.35876475631300975,-0.10989255192563951,-1.0,-0.24910378975912706,0.24544497602765147,-1.0,4.686446874632445
0.9354007826559179,0.26044585793020825,1.0,1.0,-0.2764612747187596,0.21646239866619355,-0.16790154684570585
0.7213323089322292,0.985434595758746,0.2935634039878533,0.3582825157397137,1.0,-1.0,-1.2576104623988962
1.0,0.7801515507680907,1.0,0.20972347818139858,-1.0,-0.6503947819117225,4.689313565795473
-0.02964889727332909,-1.0,-1.0,-0.7655242863509861,-0.08823365815401174,-0.2808459070964841,-2.195629248753672
-0.16144948024175354,-0.1063133789895293,0.08539228583106973,0.9576082121967363,0.37282869023185095,-0.056393958206758965,-0.6312544416932626
-1.0,-0.7708180285425803,-0.4351999947386742,-1.0,-1.0,-1.0,3.391009520109678
-1.0,0.1198572561654957,1.0,0.1921552171338349,0.4196823956340079,1.0,-2.166193563628274
1.0,1.0,1.0,1.0,-0.5929402324965026,-0.6300639075422181,4.6125110544376415
-1.0,0.253209895171293,-0.3041445547984343,-1.0,1.0,0.38691858452388184,5.245400294553894
-1.0,-1.0,-0.07878851227809741,1.0,-0.20762232222844385,-0.7455044642110692,-1.0956206911011421
-0.9072795428169711,-1.0,-0.054804826652187305,-0.3447577074869156,1.0,0.824449533565329,2.059422358685061
1.0,0.6705959442263472,-0.3369725988647756,1.0,0.5530940102189313,1.0,2.0325483912794393
0.05749016970107568,0.19580359325396424,0.2527845618805794,0.772357464418099,-1.0,-1.0,3.866534742726613
1.0,0.29595584378472595,-0.10135333824732473,1.0,0.018426794132978097,0.7195608286458627,0.23153710304528952
0.03755375100720704,-0.38833696553905384,0.8696547309332435,-1.0,1.0,0.13100565615738158,-1.497459970411926
0.2832749034587354,0.07010137100253871,1.0,0.15924331708689676,-0.09777342406889442,-0.48887693267316895,1.281531441064093
0.08388726931565962,1.0,0.7979310602193908,-0.7023581391320874,-0.22341957026662107,-1.0,-0.82665442934608
1.0,0.8108653137951954,-1.0,-0.09228528678540937,-0.06612660088307343,-0.27041289179939243,1.7920135091582976
-0.46241736677050016,0.4177711140676399,0.2203216634054223,0.745636112939356,-0.8387711288821373,-0.2677605738997755,-0.040307044047805496
-1.0,0.005442121785316556,-0.8745067353507716,-1.0,0.380998199191081,0.31374947653189866,0.1628830042661265
-0.5181010498631972,0.42617838209441783,0.7199191948652996,-0.03755815093745607,0.22344594757041825,0.3147519648223789,0.2937591415087813
-0.1832156875739822,0.5266061884874366,-0.9002476403430231,-0.47786012592177574,0.39826323489970206,-1.0,3.1104042308476547
0.7304703905745303,-1.0,0.04510818137999473,0.43636940459716217,-0.1429582181900384,-1.0,4.853972172738917
-1.0,-1.0,-1.0,0.39692076632520523,0.01653134100332336,1.0,2.727214222295894
0.7704530471828147,-0.9582473969977321,-0.012212387308647037,-0.7594029470056576,-0.733808307590476,-0.087534878643166,5.67209800768332
-0.1074498821432337,-0.12022337851419398,-0.7197879993293694,-0.3071286287157198,0.6903196493092282,1.0,5.212338637365139
0.10848252601721842,1.0,1.0,0.3915734532043935,-0.25304414620866333,1.0,-3.548641025603225
-0.4379561279012701,-0.6896884054930592,-0.3353651180572952,-0.6982647721863091,-0.506612787576616,-0.8219266059933954,1.942941920368424
0.41701993315737507,-0.2399317208084153,0.4044904211594497,-0.6545172625865545,1.0,0.003584196565092679,-0.6481918439041503
1.0,1.0,1.0,0.5255069801906991,-0.23520009488426308,-1.0,1.7485595777431144
0.6402129664359135,1.0,0.40438982388462075,0.2004611976844597,-0.3868625136332029,0.11897485887653614,-0.024742398981355995
1.0,-0.48959221218976984,1.0,1.0,-1.0,-1.0,9.626470178899417
0.2403980622100519,0.387525977627844,-0.00234469960871031,0.7921637423955115,0.28042875875201556,-0.20130714506444003,-1.2759872733734139
-0.30131547837871714,0.624160615307211,-0.4000176406938369,0.18547840410585464,0.962681200501458,1.0,6.450666351952179
1.0,1.0,1.0,1.0,1.0,1.0,-9.828020398152095
-1.0,-1.0,-1.0,0.2663631109709743,0.5317874554738936,-0.3627654300032826,-3.7431098343660443
1.0,-0.19823044678714608,-1.0,-0.8820032828939827,-0.3219539429447611,-0.553710661513402,1.837631314363034
-0.6224726017248715,-0.7684061085287537,-0.7074967586046967,-1.0,-0.8332269690827168,-1.0,3.8976962841607032
0.6854304980822743,0.7329328956902315,1.0,0.2186670311898724,0.6291199117545916,1.0,-4.155435442394672
1.0,1.0,1.0,0.622417679888783,1.0,0.3581050701155827,-6.893979704817172
-0.29299998665173055,1.0,0.41527268542239504,0.6794847982093907,0.725335742319146,1.0,1.3419281935648009
-0.71447476763532,-0.4498993283100512,-1.0,-0.9297781963294977,1.0,0.029527527624902794,-1.0513485779294875
0.7733910505745626,0.24910453090534812,1.0,0.9468119219593616,-1.0,-0.17089407682342128,3.65851171500059
0.45688783994387694,0.4334107773485574,-0.7947738151237629,1.0,-0.2700076819569781,-0.24086209953805238,0.4734304467271998
-1.0,-0.8365752842001226,-1.0,-1.0,-0.9969579613659942,-0.5272451748515186,0.7812014183217926
1.0,1.0,0.2510792304991418,1.0,1.0,0.6603050392434443,-3.0563750615745775
1.0,1.0,1.0,0.24046290735062015,1.0,0.581418431532538,-6.508206595170472
0.8236176201122203,0.35870924802647597,0.634162392447855,0.9809870233780678,0.6949901313601509,-0.781759413637599,-0.7629693662408117
-0.4301379855563338,0.5589457698557401,0.1969930850836808,0.5214746466273446,-0.8877571533960713,0.8897717965643936,0.8939303326468596
-1.0,-0.6383452980686926,-0.7354926841701641,-0.45085225975342014,-0.280838834900741,0.1373129611025412,-2.4303767275960997
-1.0,-0.04714163857114917,-1.0,-0.6473872206072854,-0.8556530151082136,-0.20914968952912139,-2.7051985666645906
0.8497497954838222,-0.3941781958454734,0.3109085823854176,0.08820285014657103,-0.06784035601911853,0.05256566441042998,-0.5290668120308071
-1.0,-0.022147505224006103,-0.9714653613729667,-1.0,0.22098818782002982,0.9412517070589139,5.013323289013887
0.841629740329531,0.4867386808904821,0.39295017306093216,0.3752016301545118,-1.0,-1.0,6.753812940059096
-0.5724180204338398,0.03190196306947979,-0.8539700449581427,-0.07107991105678449,0.4979464979464314,-1.0,3.4426942285193136
-0.23319717450254893,1.0,0.1872319177532955,-0.7239960443779273,1.0,0.7136077467305484,4.878962261957003
-0.4456599093752737,-0.3681642023050744,0.17517379593267757,0.7086070447935088,0.9570881995609046,0.2489803406663391,1.7167106775594534
-0.04929511510613083,0.5838879200863845,0.28485201483759265,-1.0,-0.23079554641382516,-1.0,1.4546435194635703
-0.2769510853668612,-0.7268541570978365,-1.0,-1.0,-0.2162220596894262,-1.0,3.614598842822625
-0.7174513276758084,-0.5123891828619043,0.3622247732918268,0.17804218803606087,0.3847914395636702,0.004161936036437552,0.3214351734900562
0.24737581185026666,0.8017800983720215,0.14268159994661112,0.2883444174277471,1.0,0.3113010582344413,-0.9155859594762614
0.37907763960862195,1.0,-0.07122694486507575,-0.5757242943385515,1.0,0.2654707365117592,0.6843092716352758
0.761435887345185,0.3536046001587272,1.0,1.0,-0.7752770325293499,0.9124369717460202,0.271016207688493
-1.0,0.17495831368059922,-0.061873915093632825,1.0,0.04341023618625184,0.08359076215499506,-0.4491579824950893
-1.0,-0.0017919513768129836,0.5438290074742966,-1.0,-1.0,-1.0,-0.033557338083262556
1.0,-0.28939483580179126,0.5946445125364763,0.7201212662735835,-0.43184490398792597,-0.15240272509045627,2.7980960795431953
0.8215015021651332,-0.8131529556033006,0.6962308061811666,-0.5379205347635383,-0.7823537106617866,-1.0,9.256139346106462
0.18637160859404078,-0.5090273358010746,1.0,1.0,-1.0,-1.0,1.3899762131508957
1.0,-0.716129662768369,-1.0,-0.09921658980222431,-1.0,-1.0,8.373966273015315
-0.4540429575989461,-1.0,1.0,0.6827161379182436,-0.858061211679662,0.4493985119052463,-0.4745563708912774
-0.17624894414446818,0.4348428951490472,-0.10798205759001372,-0.10229412117262404,0.5524161327573989,0.06875501597944311,0.9012208992623898
-0.3488310177376307,0.5925903860910529,0.6586017589576545,-0.1727206393746621,-0.9179404726430289,-0.13535082194668946,-1.6195857752660872
-1.0,0.9126312523577794,-1.0,-0.18796180154041475,0.607555035755648,0.992825843144027,14.154797677636415
-1.0,-1.0,-1.0,-1.0,-0.7523892676283473,-1.0,4.491158304986587
-1.0,0.25128948860212397,-0.10114054184863541,0.29008363330355724,-0.06033484158481467,-1.0,3.0758606118037357
1.0,0.7257188643999477,0.7238694565890116,1.0,0.734338100481231,-0.6743246246199076,-1.3281740031976372
0.48316414826546994,0.2615487455346239,-0.41178246427098886,-0.07075854338795784,1.0,0.95020952797756,1.7543830291741584
-1.0,-1.0,0.12999727127913252,0.2384705414880537,-0.6626558657197967,-0.6152280774821217,0.6700911167070402
-0.005780530707614473,-0.9215371301963393,0.04807356379677799,0.353221883939857,0.326140758177003,0.9206541409173051,2.3406311037719143
-1.0,-1.0,-1.0,-0.6661954621849719,-0.9781404383582124,-0.3412492344729774,-2.2698144314877196
-0.5058089817962377,-1.0,-0.24186740796649064,-1.0,-1.0,1.0,3.118190228554174
-1.0,-0.4202693543943567,-1.0,-0.9363587848850341,-0.6658227977476967,-0.00016426366766580935,-2.1735834224254664
0.24874145641046966,1.0,0.7013123737507537,-0.15021037264365644,0.02342561935743384,1.0,0.6934262149502476
1.0,-0.040721379373819866,-0.8976036995652994,-0.7444194457647584,-0.36052556371993705,-0.5890592792988525,1.4580499422668494
0.6446875218080383,1.0,1.0,0.9516232383018113,-0.18027269655729683,-0.7608551864589763,0.4384424300542292
-1.0,-1.0,-1.0,-0.8336326068711661,-0.24076768312978336,0.9614278029589522,-1.5128982647744518
0.5491002786092222,-0.26304392294100604,1.0,0.9252287866581479,0.5069991583047972,-1.0,0.16020655048330112
-0.4544472556802024,-0.942951223988469,-0.8192653330606683,-1.0,-0.9209414937852424,-1.0,4.26205597910135
-0.7624332942773295,-0.6926618965995304,0.07624942702195625,-0.20615316933638206,-0.799256958195768,0.6342538880218916,-2.0468842936155207
-0.2723370145629627,-0.1615784356575789,0.522320670858198,0.25850930995251353,0.13376002121467734,0.9493748049616217,1.4282510396881412
0.8618913625011599,1.0,0.3414251618841783,0.7439332736787012,-0.36997721224619595,-0.49244935793027744,2.5982862642913496
0.19767230454734452,-0.6673332828270865,-1.0,-0.7903923729631248,0.04291664973119131,0.26348893593948397,-1.720172373672707
-0.265030859815434,0.6776739430307849,0.6192974668842801,0.6180762328204239,1.0,0.9633527599171812,1.7630960560062452
-1.0,-0.8992366555239132,-1.0,-1.0,1.0,-0.0399698499271135,-6.172427502016416
-1.0,-0.8332864201397421,-1.0,-0.21930901309653095,1.0,0.7625739942688157,1.0519932165265304
-0.19870223356022165,-0.3575723334568102,0.7708258691245129,-0.4078923642386377,1.0,0.37046371852929877,-1.804352194551674
0.3278236496435607,1.0,-0.0955439477350255,0.7398467734644933,1.0,0.019012206100502443,0.3792116508785489
-0.8467282189772356,0.0035262513813251184,-0.447535152435013,-0.9891256405560425,1.0,0.5896887903083452,4.000706388554501
-0.9614874802126049,-0.9690337056361186,-0.4489212212671676,-1.0,-0.30669248318463516,-1.0,3.827722364324446
0.9023007772702012,1.0,1.0,0.04381083164762911,-0.0808854058228058,-0.2376382436908297,-2.5592183537621422
-0.33275418350776165,0.5710548838441724,0.23889470941937269,-0.8678788221651885,-0.0040571231666828855,-1.0,1.1180163948931257
-0.4863559634812356,0.25933746291262233,-0.4391193985936216,-0.2668931886371447,1.0,0.36605920014932264,3.1425429167429564
0.17985534385737428,-0.9889071789003642,0.14696557279181655,-1.0,-0.4565214969097122,-1.0,8.333486168841164
-1.0,0.2281899550414587,-0.47462490275107005,-0.29245173329519314,-1.0,-0.9878324709080533,-2.307472524899061
0.9425337047854297,-1.0,1.0,0.5723226589822381,0.829227295221637,0.6531067524129179,-2.3636717797204945
0.5384636001322509,1.0,0.6448517704299854,1.0,-1.0,-0.7917856416564684,5.275586212702537
1.0,0.23155847319552603,1.0,0.5272138537045161,1.0,0.1371000604704702,-4.390876275906375
-0.04162317078252087,-0.14255637189152037,0.2625696897880656,0.06309181489750042,-1.0,-1.0,1.1480801572828019
0.1314282118933413,1.0,0.10740548552566283,0.6186629599805883,-0.8913305987075206,0.6410717218234092,1.8879089624321497
1.0,0.17097666749153334,0.09880667291022283,-0.09312836109940037,-0.6423766698687355,-1.0,7.226298058389269
-0.8269318503483539,-0.06430270611186506,-1.0,-0.5559328555984607,0.36759833245135143,-0.8400836138646512,3.372349341279338
-0.09514346083310316,0.15000043362068333,1.0,0.04605421022526662,0.691665207511784,-0.07591359197985048,-0.1830714736385097
1.0,0.7068268824344335,1.0,0.509637553433392,-0.6873881906223611,-0.3363880760415279,2.944668630041547
0.5293173640909963,1.0,0.08722523013876082,0.5255315490337615,0.8615610191345369,0.1502677540393953,-0.4316720472729157
-1.0,-1.0,0.8512010832672506,-0.11784696408972262,-0.16040355519209581,0.6901738662197777,-2.1296553891786383
-0.14716867777553178,-0.6811117975570069,-1.0,-0.19456995272284971,-0.6894831376601647,0.589603990169156,0.054452470685627974
1.0,0.6387029562153379,1.0,0.3569207522276354,0.8176730362974829,0.5707097673204393,-4.301361691942704
-0.814949732327537,-0.744682249206632,1.0,-1.0,0.19769882170294306,0.4357816936054058,-3.1513445483583755
-0.5717616547991803,-1.0,-0.3216935286799103,-1.0,-0.34532227687529843,1.0,-2.0035591322921196
-0.5210189534362191,-0.45764156915077714,-0.5998599142642668,-1.0,0.9862583365182606,0.693189931822652,2.517336459484694
-1.0,-0.9900937572603987,-1.0,-1.0,1.0,-0.10359083170816419,-7.288746431992611
-0.6510557820417101,-1.0,0.6841710929430693,-0.08967999506823332,-0.6153352087028046,-0.5671197864387518,3.1337585750837196
0.06340445945823289,0.78656252721357,-0.6499240982101768,1.0,-1.0,-0.1250544520066581,0.8279155743417406
0.03800353735934303,-0.0809327846794139,-0.46441149469309445,0.24633181636168594,-0.19479119691470764,0.6329758446117967,2.2725236068028747
0.4870521375532164,0.2711838667137656,0.8835089371669,0.5280547916817551,0.4772804721867592,0.10305212058044251,-1.7776678337254586
-1.0,-1.0,1.0,0.574926138732053,-0.5931451057825656,-1.0,2.209473081207124
-0.2742552352534645,0.09213028641148968,0.6336250461704408,-0.24688814851146268,0.019023461802252006,0.6818541334829172,-0.4385106552533876
-0.6501328715999645,0.7979411907734054,-1.0,-0.3719085620794495,-1.0,-1.0,0.7336192428398798
-1.0,-0.0011660399316488768,-0.8952975057301957,-1.0,-0.3665201840075012,-1.0,3.959384110233766
0.6497453830821787,1.0,1.0,0.545409953383313,0.6684211150828946,-0.6544355451681828,-1.7725432423531542
-0.8027066801952276,-0.10256598405186934,-1.0,-1.0,0.3570646650317608,0.16922635111959305,-1.5659013218625546
-0.02173157173550222,-0.724302403935192,-1.0,-1.0,-0.9331631612461787,-0.38163348251001517,2.2404319655876375
-0.8284537816414443,-0.5185807770094157,0.7149562613040052,1.0,1.0,0.7162827534287679,1.83834502942907
0.1433477730177779,1.0,1.0,0.5263918475349469,-0.04959947765622402,-0.223691817003162,-2.785143568176991
1.0,0.6848335009828457,-0.05920666457493734,-1.0,-0.183037383886143,1.0,6.215062518691991
-0.9779127341484133,-1.0,-1.0,-0.6663600506818042,-0.20164616829902204,-0.18779749223516806,-5.554742266119204
-1.0,-0.9325789907344259,-0.15571851390337765,-0.9442552745051167,-0.6470854018483051,0.41640100899693144,-1.4434132811612859
-0.5277274538269063,0.4790019480432575,1.0,1.0,-1.0,-1.0,0.7503114619093539
-0.7395197731752148,-1.0,-0.8541209847134137,-0.6757255743835977,0.9507518641273782,-0.3573340594724599,-2.761304652226891
-1.0,-0.4845504114926409,-1.0,-0.31280859393795346,-1.0,0.44899903014838904,-3.0728927360391594
-0.3587033805614501,-1.0,-0.28760224818837465,-1.0,-0.9778960272998534,-0.1533094023855901,3.903780062226162
0.3051039767615127,0.2942865953049294,-0.6392798143084779,0.6618913777695054,-1.0,-1.0,1.9277838419474596
-1.0,-0.7979219208292894,-1.0,-1.0,-1.0,-0.7353170248603602,1.2755152906739193
-0.004161196114223498,-0.2369474587913291,-0.1901550599030376,-1.0,-0.14177944912403234,0.9082807197491105,2.142295577846602
-1.0,-1.0,-1.0,-0.636711597930423,-0.06310735493443442,-0.8972504007467488,1.9608724704980893
-0.5978559575899616,-1.0,-1.0,-1.0,0.4355294242842149,0.5595666467221808,-5.2916284586667395
-0.3144855118130331,0.90392425448689,0.23717253218027912,1.0,-0.8257718352080644,-0.8282847200997924,2.8180274787138186
-0.347780310560321,-0.9120916055679261,-0.6096567314574705,-0.26773387882629657,-0.6800525717488171,-0.41349031814140913,-1.8964859519707233
-0.5978088774321761,0.003353692159614341,-0.9737569023962196,0.8927417729884859,0.48464003860465343,0.5032248676215383,0.8444637694735876
-0.9188657213238285,-0.9123598119563535,1.0,0.9649870440013542,-0.6269267168138812,-0.4921701775313897,0.34003324242296584
1.0,0.7333099511203238,0.6351442582401636,-0.4490199139642334,0.09087379721888611,-0.08629020545200561,-1.2029407990543528
0.4996951416097213,-0.121964406631838,0.552078290549066,-0.9577166918828959,1.0,-0.8267944109129838,1.3083688110332115
-0.8327690601328629,0.2317550216386522,-0.656225311612777,0.01709676571361074,0.4139542667650776,0.9533960223708611,5.935913533687714
0.08915793562720287,1.0,-0.17538116963706785,1.0,0.2590336014006584,0.3530773188440834,-0.0029385947128395817
-0.643533602071841,1.0,1.0,0.11526865489234642,-1.0,-0.5973402188590451,-4.3237708102763825
-1.0,-0.48286039523304125,-0.26018151260376654,-1.0,-0.8629174716919128,0.8721696492864636,-0.8870398359825629
-1.0,-0.9822081285739446,-0.8945832425840714,-0.02030947933066847,-0.2547680716236098,-0.48946491285305216,-2.595772674556871
-0.9932502695737481,-0.8596449433928584,-0.14771061231383587,1.0,0.5325973626630843,0.3983208257234827,-0.6036538986665796
0.5463316105387033,0.641936538019936,-0.7391598312943314,0.06431615199553986,0.589323264149804,0.06251346167099878,-0.5879215580298139
0.026808405063808285,0.2841379912274769,0.9251237194151856,1.0,0.7910313654711366,-1.0,-0.2747016440789369
1.0,0.030235996922391928,-1.0,0.5750496303184272,-0.06992207018197694,-1.0,2.113231485811547
-0.3688698420249609,-0.04919813638011172,-0.5340081963724297,-0.16826103033708562,-0.3753760522999096,-0.7272180290741652,1.427066013650094
0.8928132808406872,0.7872567030818891,-1.0,-1.0,0.912074966597826,0.12651607676317567,-0.7368126870584009
-0.8728727573972697,-1.0,-0.5891128295117327,-0.3605487271259713,-1.0,-0.37201885574662596,-2.1542216495236035
0.9222492154706764,0.21793367436728178,-0.6702113251323827,-0.30877220102005115,0.82718542371497,-0.8389172722800055,-1.972000509547592
1.0,0.4731977138873136,0.8240893457777465,0.8901673804506053,-0.06947909582669698,0.592923064156865,-1.3123121095135424
-0.9254305348898932,0.4329654244641531,-0.7847014615483567,-0.3393561837682051,0.533967007158394,1.0,8.47325793012026
-0.5552021934062253,-0.5914376086274682,-0.7001299370379387,-1.0,0.19377053509418452,0.8342430875527925,0.8490993001660974
1.0,0.3114309784154564,0.7826362717687978,-0.16972337035958118,-1.0,0.23041817243001994,2.7997641720519306
0.882040180636658,0.9330091033371377,0.17366148911962664,-0.010701735386212885,-0.3134482153152882,0.648012532904994,1.8891753821322967
-0.4217105664802033,-0.2711594872588753,0.40856201777443135,-0.6294468112856307,-1.0,-0.8999473094757591,0.9859332135165115
-0.41275238735428543,-1.0,-0.6359219142675152,-0.8993201109835565,-0.5201281619964294,0.028221318939583906,-0.557047140573256
0.29136698352565293,0.2817918546194057,1.0,1.0,1.0,-0.4662758320818171,-2.0022216208994443
-1.0,-0.875437767872146,-0.1527951020213527,-1.0,-1.0,-0.4669129422345215,2.2106672518669233
1.0,0.2535141052923397,0.6695425671849699,-0.08753641471239715,-0.22668520508142664,0.732987296449416,0.36379863266741214
-0.3485032471140528,1.0,-0.6579460104036592,0.05816862369769438,0.22000004121278338,-0.18737163710364513,0.8720370969945369
-0.5584342283823996,0.10565418671411764,0.18675065603781976,0.08768101681688789,-1.0,-0.05223665178252079,-1.980166879225458
1.0,1.0,-0.5358000119245656,0.8965474858872291,0.7738872266745085,0.5449755457082246,-0.9272808661130801
1.0,0.8379041490263992,1.0,0.8292491180600083,-0.3594309031396835,0.06470022913446338,0.23472777498190114
-0.9659239965548733,-0.4106817427746279,-0.5153335466341855,-0.5359422400651634,1.0,-1.0,6.018232916048892
0.09244238762524981,0.9643540808163138,0.12436830591272052,1.0,-1.0,-0.14222098331511734,1.808504209951664
-0.13305960239395676,-0.45067277395317973,-1.0,-0.8353221753692828,-0.05623451212216442,1.0,5.408750329949002
-1.0,0.3631506076538719,-0.4927072146542699,-1.0,-0.20004604050302344,0.23948323207122207,-0.875695463730658
1.0,1.0,-0.7142822070171723,0.21216872742203519,0.012572204468147385,0.8061103500314574,4.921213648986675
-0.02723661864557668,0.5176572196494007,0.8161825389669519,1.0,-1.0,-0.42590721397040854,0.48026550790738226
-0.6816840096384824,-1.0,-0.4204146917696665,-1.0,-1.0,0.42341157296177845,1.74330389033313
-1.0,-1.0,-0.9923364291151182,-1.0,-0.5411872831539133,-1.0,2.9905199745487163
-1.0,0.6878611932130406,-0.03463007633549847,0.5797322673662435,-0.1354769190335821,-0.7356082485078639,1.6128423861931644
0.4617097887843298,-0.6898247430525476,0.09385613555485511,-0.030332756126492583,-1.0,0.20624047515344524,1.6390960423546073
-1.0,-1.0,-0.023190565820309317,0.5947643941783016,1.0,0.21037563273426008,2.2057498605130705
-0.20274610685878214,0.8506196252177162,-0.03300875693809191,-1.0,0.7941384333849284,-0.004752048990678381,1.9934919154220427
0.5688488869124635,0.38209024007476766,0.4807138802865145,1.0,0.2509242213000034,-0.3399491707781042,0.117311161822825
-1.0,-1.0,-0.9351457484931087,-0.7971069913368041,0.29260650995291154,-0.12177991002671269,-4.50015221500656
0.9451760377837137,0.8779060320528947,-0.40429196200522,1.0,-0.1844816298781452,-1.0,5.310956298328473
0.0881217887680405,1.0,1.0,1.0,1.0,0.9972382185341162,-6.790952940619393
1.0,0.8858155170582412,0.175030979041932,1.0,-1.0,-1.0,10.219371083323116
0.12092463119061736,-0.20953730641181978,0.4210749353155556,-0.3303921636061917,-0.5149484876644348,-0.15524494047048498,0.04899123417816498
-0.6707716487577773,0.34061421670272474,-0.49823633935051237,-1.0,-0.5104479637720181,0.21182169499380998,-0.3748031709553938
-1.0,-1.0,-0.4435298631095952,-0.4822826590066144,-1.0,-1.0,1.4425439684847672
0.0338150683650079,-0.20674703287210408,0.2525044704423628,-0.24965750736360626,-1.0,1.0,2.9090650387268813
0.09563051352867735,-0.46221849160372364,-0.3007131755183786,1.0,-0.5320937505033596,1.0,3.7545192047484166
-0.5764928765772271,1.0,-0.7488821009202655,-0.7278822041214346,0.7915883890044946,-0.8923099505086712,2.7895241669236404
-1.0,-0.21607515379051995,-0.42854088158500536,-0.8312360666146569,1.0,0.693157721395562,4.218879973483009
-1.0,-1.0,-0.19993204093265005,-0.78399994432061,0.006340941418577772,-0.4428711626418562,0.6809572573603639
-0.4229572036313965,0.5318394529895791,-1.0,-0.194145194887919,0.26174772389134815,1.0,10.11481079073919
-0.5051209305229085,-0.6307254191041458,-0.35667795938399016,-0.43447323207503796,0.10746945552201137,0.6392911838780513,-0.4490905813643422
-1.0,-0.3055475176693039,-1.0,-1.0,-1.0,-1.0,3.0089473107668305
0.0035430762051026354,0.6956501900200069,-0.2581241150384027,0.7925997518584561,-1.0,-1.0,2.922869816712354
0.2237862176663452,0.5353641361950765,-0.3687433132925685,-0.22098257608790828,-1.0,-0.7799615091778607,0.3020875184842855
0.14821137701989245,0.8738087290055293,-0.11881891760167285,1.0,-1.0,-0.868578975134225,5.1365538407692055
-0.2848157804902409,-0.570723180806106,-0.6958183063644378,-1.0,0.36686037687100936,-0.8531808505477323,2.2866345937599686
1.0,0.21449906431356935,0.3324611079429771,0.03629250547981999,-1.0,-0.5209417796261412,4.710423026511361
1.0,1.0,0.007681685662859872,1.0,-0.17173938709854486,-1.0,6.94378200883616
0.976980487967864,1.0,1.0,1.0,0.3255994916365794,-0.7112599570271867,-1.6381988318121157
0.9668861752148854,0.25071856402843967,-0.2917452757196684,0.04542281966227002,-0.30552004190935844,-0.0504634261884761,0.9626715342985428
-1.0,-1.0,-1.0,0.03352789339874118,0.1324277321688726,-0.12634779275221103,-4.568553066000448
0.5306331338100378,0.4443351063642107,0.7032383593722609,0.8674528331758531,-1.0,-0.5199083951740124,2.7785666265209805
-0.9761300060649132,-1.0,-1.0,-1.0,0.41449480442908415,-0.2659828658869605,-6.676985917776504
1.0,0.14910194366748797,1.0,1.0,-0.02871592759132497,0.6307993563905796,-2.205395665623229
0.3168283899451552,1.0,0.29783933183621514,0.0005926090008260415,-0.4872795473631498,0.5937022764120303,1.0473143546166774
0.1857857936954158,-0.03371155656838118,-1.0,-0.505614924030098,-0.5163603714319722,-0.5191801162331935,-0.030623607198235217
-0.2911740536605532,0.20828316017827564,-0.30249756951356066,0.01135114484536931,0.5208648490145189,1.0,4.622818917391182
1.0,1.0,0.8198000385665507,0.7358245456418488,-1.0,-0.9820594562998353,7.661236764504036
-0.6418894199397742,-0.10531205979913533,-0.10724634614917206,0.06823670292384909,-0.6158141193509031,0.3881420200788804,-0.4161279145165717
0.40904868644553216,1.0,1.0,0.8426625575795441,1.0,1.0,-5.440185396872523
0.7925640628715303,0.7504586885451068,0.8970974053155573,0.5410869285730924,-1.0,-0.8461280626135345,5.396410030261779
-0.024641810179803214,0.6110980401795731,-0.9107241632954838,-0.19013359114305975,-0.5519781495044854,0.156454443472537,0.48384603237674606
0.5600888153431774,-0.725899372644901,-1.0,0.668259972975174,-0.7789667408694121,-0.7445583741581077,1.3536066166826157
0.5732972827518681,0.9113253639832477,1.0,0.85211851401568,0.17285861615604842,-1.0,0.07690924931089438
1.0,1.0,0.5546235168422182,0.1655888277147992,1.0,0.06646814376595678,-3.0473498820773512
0.05905655622416578,0.22283491973178338,0.44652838592289446,-0.29642439516591546,0.3334124760074737,0.8445037087515933,0.8319316760274023
-0.49095526697457165,0.6917136821188531,0.4676700793240802,1.0,-0.6807724818650414,-0.5345315728205371,0.7328868081691989
0.5582295769287545,0.45434140068475093,1.0,0.5394508928206168,1.0,-0.4548231181580331,-2.3774287864844985
-1.0,-1.0,0.032271949475763034,-0.676131179896133,-1.0,-0.5860094893728882,3.138046424886999
-0.8251510373575284,-0.8508305918518961,-0.1304532030004586,0.283348324921785,0.1766173153471411,0.5257782858507357,-0.13285125870019804
-1.0,-1.0,1.0,-0.19951442104017159,0.9055699085631216,0.6078325479440057,-0.00970420642656844
-1.0,-0.5241371472846785,-0.03634292239710035,-1.0,-0.5726859484141127,0.39503872241793003,-1.883317859690965
0.6761155882650732,0.17229266781211744,1.0,1.0,-0.08135477049372321,-0.8857147732269535,1.5558725709988075
0.8900538836436669,1.0,0.7331882700286656,1.0,-0.09498238902836498,-0.507031123676488,1.7071139705703051
-0.14151020488348395,-0.26743052213073726,0.43816119211111526,-0.6302195285212308,0.6864960383408649,0.016772152578991062,0.9335028808344108
-0.24344850382028205,1.0,0.15832367926083335,1.0,0.814425266030451,-0.4722483901282063,-0.10620065054117517
-1.0,-0.13449993744769717,-0.8404256780847515,-0.7830877210935259,-0.7724242479273158,-0.8046521371914879,0.9269890105149543
-0.3082496492220913,1.0,1.0,0.9655346640185339,-0.07593661941002994,-0.2808695922270663,-2.6756703879493475
-0.0695220154133337,-0.1519051674493132,0.8414202848784329,0.3831864224032707,-1.0,0.23270174706758717,0.15500645930869306
0.06872344625131332,-1.0,-1.0,-0.5370502588409996,-0.20963864721374392,-0.5712003960443013,-1.6314585498684901
-1.0,-1.0,-1.0,-0.37114592699492865,-0.24425264625676663,0.644719615904832,-2.247432214284922
0.14978166551276584,-1.0,-0.18141063958799686,0.9915491098828129,-0.19533974697163592,1.0,3.7752438498729672
-0.6421758207067547,-1.0,-1.0,-0.9036747694773694,-0.9427598560659951,-0.020890627962917296,-1.6661343219632643
-0.2992689597409299,-1.0,-0.3813397424100583,-0.5280888837513865,-0.44763120374979226,0.5949873364753393,-0.5520358883713186
0.5077367161364887,-0.09601661116963628,0.19406858093171514,0.11182459763208219,-0.5093708758081558,-1.0,4.533772761505396
1.0,1.0,-0.3440226200570704,1.0,0.7372868383042668,-0.5966786189663417,0.1664964168163014
-0.051588854935415984,-0.2155914149564766,-0.7455174357570855,-0.39636831192703315,-0.12927736981483484,-1.0,2.525177042130469
0.13453763149583473,0.4293300931591715,1.0,-0.9526969355682778,-0.17879784900933418,0.4598126860325378,-2.3922138680358707
1.0,-0.28167952412496783,0.7376532232290446,-0.13665582794095754,-1.0,-1.0,8.112428170247366
0.32662474021104504,-0.8039529566984059,0.6837577667529272,-1.0,0.45772592883747465,0.9293512373335283,-2.4504061953526017
0.5161181007865416,1.0,0.0078438375609938,0.9065918132720964,0.7359581230896294,-0.03971975355076074,-1.5712347084640856
0.7217178838734393,0.743843855312156,0.6104106238239531,0.41945170142884747,0.9523648186665639,-0.12141053973969307,-2.051208894458893
-1.0,-1.0,-1.0,-0.7411050820866156,0.49341852493690164,1.0,-0.3925439033694471
0.43167990199120876,0.197309057989711,1.0,0.05958388936274872,-0.05370577121657587,-0.018224491826960676,0.41839901763888704
0.5161191398860077,-0.5511625470225139,0.8959921059030546,0.2678379121245871,-0.6667959034103049,0.940441088638498,1.2965245558057288
-0.1550748454326648,0.24554414131700375,-1.0,0.15212868013421832,-1.0,-0.19054135427077967,-1.8240798355182033
-0.8264089735426539,-0.9963656117937824,-0.8511049327057928,-1.0,1.0,0.17602257490324935,-4.455840570744686
-0.6230673887893883,-1.0,-0.6913436739170006,-0.19067953932661164,-1.0,-1.0,0.5716768861658101
-1.0,-1.0,-1.0,-0.18131005945573042,0.3632406081674441,-0.34802904877492835,-3.417566801205681
-0.07194162436157808,0.18419959069981862,0.12468933433526874,0.008823828738192874,0.7320706051365189,0.12335133304567822,0.8415772837227871
0.12186045564501569,1.0,-1.0,-0.10533152068074125,-0.7552786911565712,-1.0,3.1607946402967326
-0.16522386553761859,0.35513525313382066,-1.0,0.04763893284744469,-1.0,-0.8220245692399051,-0.2891653617139599
-0.13844229094224747,-1.0,0.5049743883288198,-0.9424966040679262,0.3851517281019756,1.0,-2.2607086368313354
0.7306660400670784,0.49405651092220215,0.34680833443829684,0.9147373494989833,0.4224961905437037,-1.0,2.2141065460604707
-0.9799359799683312,1.0,-0.033331407062708596,-0.5784327351234567,-1.0,-0.6251292762732512,-1.8842526690216237
0.5578059579453216,1.0,0.27803534587699796,1.0,1.0,1.0,0.006574248098747848
-0.0599417258293341,-0.5531530903827215,-1.0,-0.9641654139899973,1.0,1.0,2.358682618894826
0.5978950732540831,-0.3853158877549895,0.023171806542425455,1.0,-0.8166446626601209,-0.044730599916466274,2.2977202320841394
-0.35518082986498745,-1.0,-0.8430925844669988,0.1827099068162361,-0.04778823330537485,-1.0,1.7644977525163423
0.7524066922297425,-0.2695329957296495,0.12785185776479097,0.3844584871615594,-0.7657791405341399,-1.0,5.988296042988237
1.0,0.6033664053929372,0.5962554947330834,-0.22350503299903324,-0.1931725482953126,-1.0,4.335244357419036
-1.0,-0.5897060312260105,-1.0,-0.36745711179374485,-0.9651030137504044,-0.6955789093717081,-0.9615337532004818
-0.32287338621429906,0.8313477836996891,0.5775850467121023,0.6228075941597305,-1.0,-0.004709115583338308,-2.0612894577976517
-1.0,0.38557887423506887,-0.30159207148800304,0.49327929302405493,0.16890243419305526,-0.6434070940474044,2.0159445263649287
-0.15679477987110585,-1.0,0.6804634789802435,-0.6044260636641188,1.0,1.0,0.6181811493846667
-0.9193544299474514,-1.0,-0.33898467698699525,-1.0,-1.0,0.3896533272082287,0.7550444181223646
0.5472358027794488,0.024282244636927963,1.0,0.1018061563227326,-1.0,-0.5030711971988531,2.991282131261444
0.5464034350564425,0.5290173260474474,-0.6619822947507596,-0.4001069191754794,-0.8448307617078714,0.46033308089758596,3.014279705774167
-0.6302371804528858,-0.8323809114235139,-0.5453092937645572,0.06730285093363313,-0.06706985990340802,1.0,2.305235853279055
-0.3983605896845597,-0.002569268024425475,-0.3630424584980641,-0.38393633255192183,-0.7215445079807747,-0.9660108675324071,0.2815166850680762
-0.6923976442926412,-0.41604967387662395,-0.92720961403631,-0.6923234843701911,0.3713793469763603,-0.5649744117448097,1.5056603006616833
0.3863213467875727,-0.43073721905856643,-0.5552099706850211,-0.6304369112632549,-0.5899960540482605,-1.0,4.787824884329175
0.1838367516503101,0.37027834244905034,0.611198864006949,0.2834653935787812,-0.7344579886615878,1.0,2.398482188520302
1.0,0.41545295856956455,0.4193335028129517,0.4499198823217313,0.41744064659464336,-0.495471761394519,-0.5260873771310144
0.33335980348305916,-0.7333026875935178,0.42188300543240004,0.8233316507995985,-0.22421979609027565,-1.0,4.0551680232879175
0.07364433916147145,0.3435135716697903,-0.17092053438597202,-1.0,-0.5292001692633564,-1.0,2.424330410268846
-0.00025693663931086047,-0.5162987504737381,-0.05126050125794042,1.0,0.37836671942088806,-1.0,1.7399774186214123
0.2997215749077561,0.1453637730516153,1.0,-0.46047065524261555,1.0,0.34243524083129834,-1.988385698160711
-0.4280461348262907,-0.46153058991607515,-0.8632788491621016,-0.5318612401027571,-0.25667913682036975,-0.13702342591920136,0.3544745271847577
1.0,0.7498652586484664,1.0,1.0,0.7312333419141913,0.40754712566002327,-6.202780091117701
0.07345359500165188,0.6228572745548195,-0.6805090262389833,-0.10793044343423863,-0.5414353356400243,0.10411007090944048,0.05808295480518255
0.721057369436426,0.9105240528246832,-0.9168545624417226,1.0,-0.015697962114068265,-0.6520906493516638,2.8606854926346474
-1.0,-1.0,-0.4374202849754095,0.2834457870501736,-0.5189108413737387,-0.44686158522073627,-3.1541205832558954
-0.2559461390691058,-0.24674342001044752,-0.20352361849146294,0.004508226297646134,0.12948535213352214,-0.5672513960051484,1.0522726682615886
-0.3530792831639284,0.3296364929156165,0.2273413066374118,1.0,0.4241566802748876,0.45198730303986623,0.35729125777607096
-0.10173742815081477,-0.8978854873976092,0.19717148640814208,-0.392118444027193,-0.39434896025597155,-0.36050542902265686,1.8565380078320048
1.0,1.0,1.0,-0.3362142592682956,-1.0,-1.0,2.6614967079180474
-0.6994721903339876,0.2743328314869015,-0.3418666341384743,0.9316005867806174,1.0,0.8206208614892594,5.7924721037933145
-0.35626755569282215,0.6894937080311141,0.5078307396851123,-0.743424555613836,0.08933159848958794,0.7727700022641668,1.1186230428882324
0.49781451673750776,0.18830488053720237,-1.0,-0.1311220630950063,0.2982417203999239,0.43631348043050533,0.0410277829943948
-0.16349269023017077,-0.21274075205460521,-0.42830204203724165,0.10724695501627254,-0.022763677609742572,-1.0,2.6980594583717394
1.0,0.3156554142185227,-0.5142890283740619,-0.4412076996028941,-0.5600607830565121,-0.12686960154192928,1.36820019241983
-1.0,-0.27367031816078224,-1.0,-1.0,1.0,0.29239135936646976,-1.0577771939960243
-1.0,-0.7785176740664688,-0.9949674496087509,-0.3343585733127515,-0.6898173749775507,-0.11824547331058477,-4.383351867836465
0.9183858547516892,0.5620644016279627,0.24501137910919057,-0.13287764703177157,-0.5348531024387359,0.19801444779581756,0.2573109400702671
-0.09846506652818965,0.5890607009685243,-0.9595668645247772,0.7833737174113786,0.6718794616075963,1.0,7.432078893036744
1.0,1.0,0.015617810130078125,1.0,-0.5712128878425478,-0.9544419899711996,9.207576533531903
0.3814120766810556,0.7768814920766827,1.0,1.0,0.9019003665886969,1.0,-4.395184851218236
-1.0,-0.38677307097125335,-0.8677622212266608,-1.0,-1.0,-1.0,2.0985631155814053
-1.0,-1.0,0.26169534990253107,-0.4312569115613918,-0.4128032553965762,0.46261686644906314,-1.7735071601445198
0.46436999540322277,0.9842777754366818,1.0,0.34017254494652893,0.2183309313844277,0.7414042576130231,-2.958715853536016
0.9400543379956692,1.0,1.0,-0.05745952657107506,-0.3473401338888715,-1.0,2.1852254490783607
-0.7035582534993405,-0.20459771268821503,0.5208940634731583,-1.0,-1.0,-0.3793161017282858,1.3041060499982735
-1.0,-1.0,0.07626679610657472,-1.0,0.4891947910414248,0.11844230435785882,-1.5555093440540069
1.0,0.6410671944805946,1.0,1.0,-0.13160215052113605,0.22573917394128065,-0.6296301614223143
0.2409018238216748,-1.0,-0.641598604280151,-0.9478132541276758,-0.31517394539167415,0.46422949309249817,-1.0861226041854777
-1.0,-0.9813488857659641,0.4805156566563524,-0.18423001231362296,0.9505692881864927,1.0,3.0058081785981474
0.2593125319758081,0.8064914306412212,1.0,1.0,-1.0,0.9244741909202985,-2.0568553244143795
1.0,0.3877308237758312,0.9565481945179433,-0.19992803812841126,-1.0,-0.5676746271878443,5.932838208067983
-0.768319509524723,-0.15403284900131098,0.16091507109427594,-1.0,0.7384504934098329,0.3284232342056939,3.3172215933773113
-0.17455647067870295,-1.0,0.7254410035399406,-0.2579168771072673,-0.8235769097686444,0.15918869385755796,2.4041167946218427
-1.0,-0.6818893223957108,-1.0,-0.6270172866317176,0.8164496866414928,0.20890267032633508,-3.392579285956639
-0.7352486407053012,0.3742437302533439,0.9191006361069682,0.13517480644205093,-1.0,1.0,-3.6686462701182387
1.0,-0.7854246563190419,0.9718830341552748,-0.7870562421016438,0.7725302215034751,0.7547339564841544,-5.672902607490228
-1.0,-0.027640642925361336,0.2975136672497517,1.0,-0.7312882894142297,0.22268428468393586,-2.1479172591065145
-0.6882325223572605,-1.0,-1.0,-0.40099812918991673,-0.6374404212276964,0.06922064121616506,-4.921688232600493
-0.30625941585119465,-0.8036858232422583,-1.0,0.11365973684196656,-0.3722167944201638,0.23720412514503708,-1.7798909948631028
0.4204438415204021,0.07312682770368362,-0.5322587287875159,1.0,0.7017941108198663,-0.2162971681695992,-0.6285765630115415
-0.5249437222157655,-0.5259818763655553,-0.8090254159018034,-0.9182354325298354,0.8051156421721772,1.0,4.019423869835321
-0.6212397927450628,-0.21309040323025719,0.2158574226524389,-0.6315986764151895,1.0,1.0,3.6372849531106985
0.18732019013332532,0.8207934725596046,0.20677519279342593,-1.0,-1.0,-1.0,2.8518654878592207
-1.0,-1.0,0.4095977207157749,0.08392807233305832,-0.37074945052168484,0.9159267584645698,-1.8124023786812784
0.3260043852059895,0.1738472491997095,-0.21010627303230395,-0.8104154097843866,-0.6268245958405465,0.14781102147771685,0.7619456967957767
-1.0,-0.3195204378244729,-1.0,-1.0,0.7891555119168506,0.9283600891713555,4.1679687660576725
-0.03030647365360911,0.029598027166351848,0.5762049986370665,1.0,1.0,-0.47219621368116044,0.6622345573067749
1.0,1.0,1.0,0.79258611275504,1.0,-1.0,-5.343234320084129
0.010549958018291644,-0.012670207490021089,-0.5953558921281711,-1.0,1.0,0.10676862783770819,1.5256788541396975
-0.393998503434314,-1.0,-0.6336600931618389,-0.43324351001913186,1.0,0.2236748591756208,-0.6873195150688398
0.5065861408508695,0.2458631683902186,0.3666677894721611,-0.19484054170606968,1.0,0.5315287006477605,-1.2691345120899071
0.9758001050712295,0.8017876155495958,0.6097956698179712,0.3628542223810356,-0.5411859103501852,0.23888388945670247,-0.10330024607610266
-0.19656001778354726,0.5751368014699415,0.6198454757364513,-0.35621304125078035,-0.15523636468551216,-0.41761772876866027,-0.12485876448060854
-1.0,-1.0,-1.0,-1.0,-1.0,-0.6456452008579634,1.7236988852998394
-0.18288719145710508,-1.0,-0.48051390069871547,-1.0,-0.9577409553955317,-0.3373266043153129,4.4085837974832005
1.0,1.0,0.09689322549600665,1.0,-0.27371537055454165,-0.26583204127398463,2.030761541755581
0.04718039553807346,0.5728922164480513,-1.0,0.15203931612734836,-1.0,-0.2907115264229842,-0.7332872688689618
-1.0,-1.0,-0.8413087463780229,-0.9196520914237847,-1.0,-0.5109022901990161,-0.16165735134113823
-1.0,0.23994761643465568,-0.5039556124108768,-0.8777567654373326,0.34860026827231905,-0.07918617551518982,1.1254876482186755
-0.5206421153285646,-0.23509813189197837,0.8987112479153823,0.6484440555277073,-1.0,-0.727901670884586,-0.7477426683689254
-0.3518846484785888,0.08516533442070962,-1.0,-0.25400196977037415,0.6602602481864162,1.0,8.730323420164579
-0.12706271968695537,0.7100028075588571,1.0,1.0,0.3353966383860598,0.2686955792577541,-3.5754019501527003
-1.0,-1.0,0.3059059608783219,-1.0,-0.9411573993321044,-0.23549986406540932,3.671044385048893
-0.4885490093822644,-1.0,-0.2882837889833907,-0.8919716749043101,-0.554715588188064,0.32829191867428,-1.6652465840125172
-0.058518170674130676,-0.3079088648634768,-0.2002698211837617,-0.8046879138735586,0.4452955538024431,-1.0,2.4775052998456983
1.0,-0.41019633739247896,1.0,1.0,-0.9172071382273385,-1.0,8.409403194704833
-0.7149017842071381,-0.5852732345466726,-0.5293733907331268,0.7915941595666723,-0.4138408926532582,-1.0,0.7895467497491659
-0.07020232977121232,1.0,1.0,-0.8714215436469295,1.0,1.0,0.281479006828595
-0.29534459330507445,-1.0,-0.28110400632093413,-0.8241025967498223,-0.5294571845191274,-1.0,5.798982235711879
0.31220365708919773,0.9180766101899303,1.0,0.2556860506292845,-0.18833677430626788,0.09994219759892342,-1.5647245348020524
0.04128193956702275,0.7160121884159641,0.38706843866029017,0.5596000717539437,0.559143041901505,-0.45010818768545546,-0.18162222449476031
-1.0,-0.27615332811220894,-0.9630121396839597,-0.6803682483766067,0.8896437817931998,-0.6227576859638789,1.2059754053365566
0.7333102200238341,-0.40765810798022645,-0.5877612493677011,1.0,0.6706396564608994,-1.0,-0.031064778959244754
1.0,-0.8130542932558789,0.386567140534217,-0.592629638300261,-0.8999567615975821,-0.15960681073376348,5.8759070140255005
-0.011926276462994156,-1.0,0.3730322884533107,-0.5624273621037363,-0.8233787896887381,-0.45428562087297997,4.337553432362346
-0.6656077049200071,0.45762538200612113,-0.43326457112351024,-0.756221448574459,1.0,-1.0,4.090971829636539
-0.12779967650237212,-1.0,-0.5546264661141438,-1.0,-0.04385931004785659,-1.0,3.9774743476080303
0.2597553739715859,1.0,1.0,0.8850924814209391,1.0,1.0,-5.574145749384897
-0.6758867416136982,-1.0,-0.3651067464471597,-0.5134044207450493,0.11656555233646548,-1.0,4.316179052331085
1.0,0.3210720119594044,1.0,-0.6818714748782758,1.0,1.0,-6.1705919759200185
-0.9262946790173433,-0.38206900964184665,0.009485587994283673,-0.2949761945653516,-0.6148456654971195,-1.0,0.7953376820992974
0.7927079686816318,0.9092930991122197,-0.08829256709811917,0.035191032173569115,1.0,0.8786969050936637,1.044558560199012
-0.20300855018812536,-0.48258724297197375,-1.0,-1.0,0.010000535348869383,0.1753730057205677,-2.1544003431994225
0.8177600676249153,1.0,0.7403038704003078,0.04539988050018229,-0.7916638929096202,-1.0,3.519082647556641
-0.6604631007657763,-0.21932973784412835,-0.4351002690204486,-0.5068974541200497,0.4538541329828341,0.7823090050190368,1.7870209719261827
-0.45642411981030484,1.0,-0.9897279004740855,0.689490657835041,1.0,1.0,12.296214954407459
0.5816136447143201,-0.5311738344516233,1.0,0.38814237498558757,-0.6944713943828376,0.011942929904778965,1.3798453583557078
0.22782876611541006,-0.5757731930826666,0.6211713299519019,-0.03477826274267415,-0.28311497702446475,1.0,0.9398013294236548
-1.0,-1.0,0.05485649974072038,0.22474659480955522,0.10799764182306637,0.369839563691883,-0.04945601811302036
-0.8517454166646701,-0.2372806161986237,-0.9857160310873749,-1.0,0.10744066936100616,0.9859680520068732,4.232541662277295
0.5870063487329151,-1.0,-1.0,-1.0,0.5131978130119537,-0.19519057422466324,-3.532231322931973
0.3549632342372463,-0.5033780449085739,-0.2550681480311409,-0.6436536901261121,-0.2808227463342088,0.48149965014111384,1.3406104383753574
-0.42276045391018224,-0.13025731514134953,-0.7648716877088891,-0.8624986556847849,-0.005421400611122118,-0.6626206254761238,1.1636742573774828
0.4376425094756906,0.7648747622746108,0.1844310947757255,-0.13622199693824022,1.0,1.0,3.691520805344827
-0.05029975320553809,0.5208542878830632,1.0,-0.19474099011882362,-0.4886979379539248,1.0,-0.5337510837945654
-1.0,-0.7411419997161044,-0.4480610117040007,-1.0,-0.8187066168339665,-1.0,4.014201134669399
0.9645354614845485,0.3794901370292493,-0.33022138553984115,0.8389073857578695,0.5595217978027688,1.0,1.264919613836977
-0.8546176880123284,-0.7820332779274433,1.0,-0.23948161347264796,1.0,0.40849114065110625,-0.6346941146530265
0.3556808970295232,-1.0,-1.0,-0.49935752244803067,1.0,0.20134686069291652,-4.83894886417443
0.12734309748006634,-0.982009243807635,-0.06625619808888983,0.2684974516294959,-0.5210330220460555,-0.841144316837377,2.4815572725480117
0.30387750491542165,-0.9316916374987735,-0.2613958944281748,0.30838540916375334,0.053143032557499637,1.0,2.658019582574049
0.21341572725360314,0.02655780883055181,0.15002635175049073,0.13607268675096362,-0.2638593438588102,-1.0,4.21265645056179
1.0,1.0,-0.6094337319469574,1.0,1.0,0.23322243732955306,-2.090952485089662
0.0009407411489039674,0.9580346833742774,-0.27602353360476795,0.5340908829025239,0.7476229587965361,-0.14154309959214112,2.2628881558185956
0.9858101145746742,1.0,-0.300430164949657,-0.6812558541528746,-0.22914590774990695,0.11973876845397335,1.494689149497992
-0.025791306566954414,-0.7900142062300981,0.06469838386007767,-0.5888197126504591,1.0,1.0,1.3458411184487433
-1.0,-0.7773844501636832,-0.22931246930403582,0.5825094438178442,1.0,0.02309423512006714,2.1176109928276303
0.4921774910037706,0.7463931978305338,1.0,1.0,-0.5207285578154481,-0.5083647583109727,1.7628682540152125
0.5987521658325136,0.07011289721275304,-0.4436457491440707,0.7396765655214356,0.7441338254677244,0.5828011875458381,-0.08872404230514334
-0.9758857172692547,-0.2307809323690052,0.2160762052773344,0.0860656817131441,1.0,0.5250145882824113,1.620282309421475
-0.4354606557215249,-0.3344311744214197,0.16960058473475248,0.19469456163191157,0.4364361680640183,1.0,3.1258385364952934
0.3664489922977754,1.0,1.0,1.0,-1.0,1.0,-2.333790591212413
-1.0,-0.07276856547567645,-1.0,-1.0,1.0,-0.9907796117258887,7.367518532816868
-0.0465447900519973,-0.3554994164494898,-0.11753139493583485,-1.0,-0.02370269480589632,1.0,1.7663942134228419
0.4063399096055421,-0.5377982904390112,0.44180101764758634,-0.1924020576638109,-0.09524816987375716,0.36189758614427486,-0.281530451806061
0.8809303725255467,1.0,0.2929894942535439,-0.3774131156259359,1.0,-1.0,0.25861669742946936
0.5535445322528183,1.0,-0.05410364836260573,-0.8821723515787628,0.004131817637678281,0.5493737959114072,2.404529300306453
-1.0,-1.0,-0.5823503487379693,0.0532395553616416,0.37385438378648655,-0.2092416776749438,-1.6396282851199047
1.0,1.0,0.4748440738182318,0.7819820885691495,1.0,1.0,-3.1660367500671476
0.21786594578360496,-0.6725636346462271,0.8129618405892718,-1.0,1.0,1.0,-2.998849732235409
-1.0,-1.0,-0.47980741967358154,-1.0,-1.0,-1.0,5.519539466756335
-0.0521195367102979,0.29578465629743234,-1.0,0.8958548912218588,0.5638870152367681,-0.02137854462904909,-1.0635054042175047
0.5751230981255393,-0.7516203309285541,-0.5156192855882596,-1.0,-0.9053551066572773,0.46444776321114833,4.872404642477877
-1.0,0.5039121260736115,0.8777046436515082,-0.926457722470588,0.8926760612568365,-0.5232346694619133,1.6632180714528837
-0.22835979038923848,-0.4944647562298927,-0.47084058861040234,0.4185845014802362,-1.0,1.0,3.5414633366104398
0.46125486381768244,-0.2614040333193697,0.4554040509697495,0.7261774626244788,0.9607984982983255,1.0,1.2737034007116408
0.7068993468314435,0.4312517367094463,1.0,1.0,-0.36873536827416414,0.1834610799765165,-0.3721832672814529
-1.0,-0.029546546711676558,-0.9373410522805216,0.7799296565612729,0.9151771372465147,0.8802995339616162,6.794853545290215
-0.8218608904207718,-1.0,-0.9098749602963923,-1.0,1.0,0.20971059219416466,-5.451281168398156
-0.41464703283205706,-0.2712388390895544,-0.5666114190678433,-1.0,0.3421062799569885,1.0,4.655755085763299
-1.0,-1.0,-0.17577862134042355,0.07734175109286989,-0.05853772126013945,0.3043738013432752,0.1674014915550477
1.0,0.5032202749702721,0.20197618468059453,-0.577764144401776,0.019462668446131925,-0.8377375462736206,2.961978995886807
-0.15638597165532153,0.32189021048800714,-0.473012603145162,-1.0,-0.9662729605763958,-0.5956585507728558,0.5741357251191087
-0.7123516455080692,-0.8187830284271558,1.0,-0.45732834682971535,1.0,1.0,-1.1969563085206578
-0.3837347819411579,-0.1946087095402233,-0.9144483210553784,0.009663477058464404,-0.764692370377543,1.0,5.873874974093432
1.0,-0.23040797548762343,1.0,1.0,0.602243395984843,0.5086738084598639,-4.6093215487461014
1.0,-0.17771628620164281,-1.0,-0.5145000020503134,-0.534260066886117,0.033706154747743855,3.170269797814439
-0.16545118771722428,0.07809742793809749,0.4844345348686801,1.0,1.0,-0.6480211309708901,1.0784428254552114
-1.0,-0.5501719486219934,-1.0,-1.0,1.0,1.0,5.466610978952917
-0.1773726241014302,0.6873168896575893,0.428329678497513,0.8098712539690773,1.0,1.0,2.7834396490382507
0.7163074756996524,0.575906732149212,0.34224582873155207,1.0,-1.0,0.2756769870213921,2.859558466552859
-0.8123701832532073,0.10105352947230946,-0.2791624318658016,0.8556874626834294,-0.20186377357835894,-1.0,1.7917266117597859
0.15273954162551973,1.0,1.0,1.0,0.41682416563966984,-0.3461707560755892,-3.977076363238653
-0.4269994683983399,-0.16301804916608995,0.5466158183300178,-0.6011170794706974,-0.32760051674010593,-0.5754849341593247,1.2460759914407464
0.8270663495516077,0.6004150553138901,0.6140801420022555,-0.03735291158587262,-0.7787625592710534,-0.733039835871293,3.70008076597552
-1.0,0.1198853207051658,0.7881634889763289,-1.0,1.0,0.26447410501644186,1.5622811219362769
0.08020490484610299,-1.0,-0.520649719555624,-1.0,0.4175460083974313,1.0,-0.9507587594227764
1.0,0.3343526955135523,1.0,0.9623077300625145,-0.1431516787690657,0.7644752196763188,-1.5571438036372642
-0.4963652651960703,-0.5240336161270137,-0.7280789839001087,-0.5028679155173976,0.9016420727653968,-1.0,3.9173289121298023
-1.0,0.7660325365214787,-0.28811857137653973,-0.5513843453481695,-1.0,0.6917646881313504,0.31648028009618384
-0.007066817927359914,1.0,-0.6182065761385208,0.5837368821675888,-0.028983702692456398,-1.0,4.225004226756682
1.0,0.0315095823179703,-0.8830219478541667,0.6240881825389137,1.0,0.5007574657742023,-3.150642650978269
0.2124329833764884,-0.03057367149305046,0.23840556699670723,-1.0,1.0,1.0,3.488189619420891
0.10707546180932884,0.579975863200905,0.43588782839727924,-0.5047438181132751,0.3710789278293098,1.0,3.129957599321463
0.9051135757307731,0.16240733679142705,1.0,0.6808437220838116,1.0,-0.6131549896762516,-3.125114840094787
-1.0,-1.0,-0.44378053548883156,0.06390623989606203,-0.9725951322233626,-0.8743997141968668,-0.7286047148788152
1.0,0.06327491997021856,0.22912818571110533,0.11648934506010677,0.5451799604832988,0.5047723084960785,-1.7572109017807216
1.0,0.7431618896194898,1.0,-0.4517039806923448,0.8326466685709613,-0.9289042914291956,-3.041347535044541
-1.0,-1.0,-1.0,-1.0,0.7197951457396313,0.647549085885708,-6.025692423849888
-0.9856761247757019,-1.0,0.24957447603635224,-0.5465080972151093,0.263865532894174,-1.0,6.95876054955362
-0.71054990891196,-1.0,-0.8726607349705847,0.5181620302724009,-0.6766000147714578,0.7607198487633761,-0.5350757017343826
0.6091520350514343,1.0,0.08073079172722031,0.2794514834678197,0.49231343917837056,1.0,2.8568862342463808
0.5605482426700966,0.09039006392978152,-0.8939887330348235,-0.8252657376706255,-0.9430906512307843,-0.8872210196132512,2.1189647158337914
-1.0,-0.2910888881920606,-0.2825641320231689,-1.0,0.5597987734375606,-0.5417999595547456,2.2898772595185086
1.0,1.0,0.6745728546142851,1.0,0.04712837918670437,-1.0,3.9289263702110055
1.0,-1.0,0.2339414515852577,-1.0,-1.0,-0.18777681406919572,10.969743053727417
-1.0,-0.4026992203546461,1.0,-1.0,0.35724314487232034,0.6893751810246487,-3.5532074077836
-1.0,-0.731068390942712,-0.8792817659982166,-0.4485179348513879,-0.22997334487258758,-0.9813281403301797,4.267404990190349
1.0,1.0,0.26057740176696187,1.0,0.21504898599566752,-0.660463147921443,1.7433544726642927
-1.0,-0.9188520193008516,-0.2304603980668276,-0.013804695277286116,-0.11665083158300882,-1.0,3.5114987670554303
-0.16335561329403214,-0.00457677891066588,-0.3201227829438342,-0.11603992683292885,1.0,1.0,4.929665160986761
-0.5555821656895715,-1.0,-0.08730742598142438,0.021169666466040016,-0.36484012487009554,0.16685378295654107,-1.6532506582312658
-0.36219115265984003,0.26401995476294005,-0.027696209241601766,-1.0,0.42960456519361995,0.913526562707812,3.793056821622467
0.5668790473633463,1.0,1.0,1.0,-0.6039592578137082,0.0552780864862083,-0.4407852578878063
-0.8430272072568263,-1.0,-1.0,-0.7281570563377273,-0.1155227921260078,-0.2416846057585037,-4.1162080581292315
1.0,1.0,0.25448914982848114,0.06367577863795715,-0.12097605865380723,1.0,3.3712578943149563
-0.9886317282631596,-0.6822631234831866,-0.1971164246268633,-0.7064165245071845,-0.1836332529087925,-0.11513533981453894,-0.36303637444930026
-0.6102400452834218,0.314362803632647,1.0,1.0,1.0,1.0,-0.938624374507538
0.3589157986877455,-0.2095887477620234,-0.8147121978923129,-0.6506803185670313,-0.1139230211282336,0.9041925504649624,3.1278188151175588
-0.09935513166557988,-1.0,0.05101668119142522,-0.10060268017688645,-1.0,-0.9740243199497012,4.462308353505995
0.6504273176417827,0.28076143425254174,0.5080356556108006,-0.25118187042728146,-0.08225734824082931,-0.08562356298167995,0.47405274995632174
0.7878760481260114,-0.2511311750394601,0.732359012527418,-1.0,-1.0,-0.25183761229388346,5.438672018997577
1.0,0.6999939562058146,-0.21438162954434709,0.2944287445002076,1.0,0.020581820602749767,-2.4766443645264644
-0.3421572136086035,-0.6169372045266603,0.39647153980518457,0.22296241477811354,-0.7989107554317305,-0.20370297196992626,-0.6502118144287661
-0.7458353531740639,-0.2559309921136208,-1.0,-0.29928395734276725,0.6058039831332594,0.7812094246981417,4.384234883589224
1.0,0.2696718265891413,-0.09800904187422854,1.0,1.0,1.0,0.6456561382635108
0.0335397109489195,0.7582556049125058,1.0,1.0,0.2295757851014164,0.34732861695925416,-3.3725535561460362
-0.262722904112655,-1.0,-1.0,0.00938112285373427,-0.29198852059866715,-0.07943923595621882,-2.43998273804013
1.0,1.0,0.26251148672290137,0.6200208313981382,-0.27514974140682447,-0.6601597846696118,4.106767441645825
0.06973575147165811,-1.0,0.09155792608021318,-1.0,-1.0,-1.0,10.411776532298493
1.0,0.2589700018928245,0.7928177892043814,0.189526090621144,-1.0,-0.9400649971828396,7.4208280702966976
